,날짜,기사 제목,기사 링크,기사 출처,기사 내용
0,2012-06-17,'티나 터너' 미용실에서 5천원이면 다 됐다,https://news.naver.com/main/read.nhn?mode=LSD&mid=shm&sid1=103&oid=047&aid=0002002560,오마이뉴스,"[오마이뉴스 김학용 기자]▲나의 40여년 변천사. 1987년 핀컬 파마로 유향을 탐닉하던 시기를 빼고는 모두 비슷한 스타일이다.ⓒ 김학용1980년대의 학창시절을 보낸 이들의 무용담을 전해 준 영화 <써니>를 기점으로, '복고'는 이젠 트렌드가 됐다. 패션사에서 가장 볼썽사나운 시대로 손가락질받던 그 시절 이야기들이 무섭게 몰아치는 할리우드 블록버스터에도 각광 받으며 흔들리지 않는 힘은 '복고' 열풍 때문 아니겠는가."
1,2012-06-17,이른 더위에 '말벌' 기승…주택가 제거 요청 급증,https://news.naver.com/main/read.nhn?mode=LSD&mid=shm&sid1=102&oid=055&aid=0000229810,SBS,"<앵커>오늘(17일)도 30도를 넘나드는 무더위가 계속됐습니다. 이런 때 이른 더위로 벌들의 활동시기가 빨라져 소방서마다 벌집을 제거해달라는 요청이 급증하고 있습니다.임태우 기자입니다.<기자>서울 면목동의 주택가.4층 높이의 슬레이트 지붕 처마 밑에 벌집이 매달려 있고, 말벌 수십 마리가 사방을 날아다닙니다.[안남순/벌집 제거 신고 : 안에서 일을 할 수가 없어요. 벌이 막 날아들어 오니까, 말벌이. 빨래대에 (옷을) 널어놓으면 그 밑으로도 숨어서 들어와요. 무섭죠. 말벌이라서 쏘이면 왕밤만 하게 불어날 텐데….][구조대원 : (벌집이) 너무 높아서 절연봉으로 떼어내서 벌만 쫓을 거예요.]보호망을 착용한 구조대원들이 길게 편 절연봉으로 벌집을 건드려 바닥으로 떨어뜨린 뒤 살충제를 분사합니다.서울 중랑소방서에서만 벌집을 제거하기 위해 오늘 하루 4차례나 출동했습니다.최근 서울지역에선 하루 평균 30건의 벌집 신고가 들어오고 있습니다.[정우영/서울 중랑소방서 구조대원 : 아무래도 날씨가 따뜻하니까 그런 영향을 받은 것 같습니다. 올해는 한 달 정도 시기가 당겨진 것 같습니다.]벌들은 보통 5월 말에서 6월쯤 벌집을 짓기 시작해 8,9월에 가장 왕성하게 활동하는데, 때 이른 무더위에 가뭄까지 이어져 활동시기가 앞당겨진 겁니다.경기도에선 올 들어 1154건의 신고를 받았는데 지난해 같은 기간보다 3배 이상 많은 수치입니다.피부에 쏘인 벌침은 핀셋이나 집게로 잡아 뽑으려 할수록 부러지거나 더 깊히 박히기 쉽고, 신용카드나 동전으로 쏘인 주변을 밀거나 긁어내면 쉽게 빠집니다.벌침을 제거한 뒤에는 얼음 찜질을 하거나 스테로이드 연고를 발라주고, 증상이 심하면 119에 도움을 요청해야 합니다.(영상취재 : 공진구, 영상편집 : 이승열)임태우 기자eight@sbs.co.kr관/련/정/보◆ 제천서 버섯 따던 50대 말벌에 쏘여 숨져◆ 성묘철 불청객 '말벌'…얼려 잡는 신무기 개발◆ 무더위에 말벌 극성…40대 호흡곤란으로 숨져◆ 아파트에 축구공만 한 벌집 '공포'…말벌주의보☞[SBS기자들의 생생한 취재현장 뒷이야기 '취재파일']☞ SBS뉴스 공식 SNS [SBS8News 트위터] [페이스북] [미투데이] [요즘]저작권자 SBS&SBS콘텐츠허브 무단복제-재배포 금지"
2,2012-06-17,4년 만에 돌아온 '서울 제비'…개체 수 줄어들어,https://news.naver.com/main/read.nhn?mode=LSD&mid=shm&sid1=103&oid=055&aid=0000229800,SBS,"<앵커>저도 어려서는 여름마다 제비가 둥지를 트는 모습을 보고 컸는데, 요즘은 참 보기 어려워졌습니다. 서울에선 지난 4년 동안 한 번도 공식 관찰된 적이 없지만 그렇다고 아예 사라진 건 아닙니다.이혜미 기자가 취재했습니다.<기자>사람들의 눈길이 한 곳을 향합니다.[김복순/서울 용산동 : 오매나 뭔일 났대. 나 처음 봤어요. 진짜 못 봤어요.]서울 용산에 여름 철새 제비가 나타났습니다.4월 하순이 되면 찾아와 여름을 보내고 10월 초에 동남아시아로 돌아가는 게 제비의 행로입니다.[이의석/주변 상인 : 한 번 와서 새끼를 낳고 가면 또 알고 오는 것 같아요. 새끼가 아니까 그렇게 찾아오지요.]근처에 잠자리나 나방과 같은 먹잇감이 비교적 풍부한 이곳엔 올해도 어김없이 한 쌍의 제비 부부가 찾아와 둥지를 틀고 다섯 개의 알을 낳았습니다.[남궁대식/한국조류보호협회 사무총장 : 제비집으로부터 한 2~3km 내에 (공원이) 있기 때문에 새들이 이쪽에서 먹이사슬을 용이하게 공급받을 수 있고.]제비는 페인트칠을 한 아파트가 도심에 들어서면서 둥지를 지을 공간을 잃어버렸고, 농약 사용으로 먹잇감이 줄면서 이젠 농촌에서마저 귀해졌습니다.서울에선 공식적으로 4년 동안 나타나지 않은 것으로 기록돼 있습니다.제가 있는 곳이 서울기상관측소인데, 바로 이곳에서 제비의 모습이 확인돼야 서울지역에 제비가 공식적으로 관측됐다고 인정됩니다.전문가들이 하루에도 몇 번씩 육안으로 제비의 비행을 확인하는데, 2007년 10월 관측된 게 마지막입니다.[김찬술/서울기상관측소 주무관 : 기상 자료의 연속성이란 측면에서 중요한 위치로 보고 있기 때문에 이쪽에서 계속 관측을 해오고 있습니다.]국립생물자원관이 전국 120곳의 제비 숫자를 확인했더니 10년 사이 개체 수가 절반 가까이 줄었습니다.흥부전에 등장하는 한반도의 흔한 철새였지만 이제 서울시가 보호야생동물로 지정한 제비.이런 추세라면 우리 아이들은 조류도감을 봐야만 제비의 생김새를 확인할지도 모르겠습니다.(영상취재 : 이승환, 영상편집 : 위원양)이혜미 기자param@sbs.co.kr관/련/정/보◆ 우포늪에 '물꿩' 출현…기후변화가 철새 불러◆ '봄의 전령사' 제비의 귀환…개체수는 크게 줄어◆ 태풍타고 큰제비갈매기 94년만에 돌아왔다◆ 제비가 걱정입니다.☞[SBS기자들의 생생한 취재현장 뒷이야기 '취재파일']☞ SBS뉴스 공식 SNS [SBS8News 트위터] [페이스북] [미투데이] [요즘]저작권자 SBS&SBS콘텐츠허브 무단복제-재배포 금지"
3,2012-06-17,헉! 휴대폰 스크린이 스피커도 된다,https://news.naver.com/main/read.nhn?mode=LSD&mid=shm&sid1=105&oid=092&aid=0002002953,ZDNet Korea,"모토로라가 휴대폰,태블릿PC 등 모바일 단말기의 화면을 스피커로 만들어 주는 기술을 개발, 미 특허청에 특허를 출원한 사실이 확인됐다. 이 기술은 스크린을 스피커로 만들어 주는 동시에 이 디스플레이를 손으로 터치할 때 햅틱방식의 피드백도 제공한다.미 특허청 웹 사이트에 지난 14일자(현지시간)로 공고된 모토로라모빌리티 특허 출원(美 특허출원 20120149437호) 내용에 따르면 이 회사는 휴대폰단말기의 디스플레이를 ‘실제로 적용할 수 있는 오디오 영역으로 만들어 주며, 특히 개인적인 스피커폰 모드 대화용으로 사용할 수 있게 해 주는 기술’을 개발했다.휴대용전자기기(portable electrronic device)라는 이름의 이 기술은 지난 2010년 12월 14일 출원됐다.이 기술은 지금까지 비주얼과 사운드를 만들어 내기 위해 별도의 디스플레이와 스피커를 만들어 조립했던 방식을 단일화할 수 있게 해 주는 혁신적인 것이다.따라서 이 기술이 실제 제품에 적용돼 출시될 경우 기존 스마트폰의 모습과 작동방식에 혁명적 변화를 가져오면서 모토로라모빌리티의 휴대폰 사업에 큰 힘을 불어넣어 줄 것으로 예상되고 있다.▲모토로라모빌리티가 당신의 휴대폰 디스플레이가 동시에 스피커로도 작동하는 기술을 개발해 지난 2010년에 특허를 신청한 사실이 14일 확인됐다. 이는 휴대폰시장에 엄청난 변화를 가져올 전망이다.  사진은 모토로라 드로이저 레이저 맥스.특허공고 내용에 따르면 이 기술은 ▲디스플레이 렌즈 주변 구석이나 주변부에 씌워진 스티프너 링(stiffner ring)을 가진 음을 자유로이 흘려보내 주는 프리 플로팅 디스플레이 렌즈(a free floating display lens) ▲스티프너 링에 붙는 지원구조를 갖는 한 개, 또는 그 이상의 전기기계적 방식의 트랜스듀서 ▲프리 플로팅 디스플레이 렌즈와 지원 구조 사이에 위치한 디스플레이 ▲신호를 하나, 또는 그 이상의 전기기계 트랜스듀서에 신호를 보내주는 유저 인터페이스 컨트롤러  ▲하나, 또는 그 이상의 전기기계적 방식 트랜스듀서,디스플레이,유저 인터페이스 컨트롤러를 감싸주는 하우징 등 5개 부분으로 구성돼 있다.모토로라는 특허출원서에서 “전통적으로 휴대용 단말기 디스플레이에 사용되는 렌즈의 두께(면적)는 요구되는 디스플레이 영역과 휴대폰 산업디자인의 에 의해 이뤄져 왔다”고 쓰고 있다.  이어 “디스플레이 렌즈는 흔히 듣는 기기, 또는 스피커로서는 생각되지 않아 왔다”며 “이는 흔히 이 분야의 숙련자들이 오랫동안 디스플레이렌즈가 그 두께로 인해 다이내믹한 반응을 보이지 못할 것으로 생각해 왔기 때문”이라고 설명했다.모토로라는 자사가 단말기에 씌우는 이른 바 '스티프너 링(stiffener ring)'을 이용해 기존 디스플레이를 ‘자유로이 떠다니는 디스플레이(free floating display)’로 만들어 주면서 기존스크린을 특성을 바꿀 수 있다고 주장했다. 다.출원서에 따르면 이 링은 두께와 분산에 영향을 미치며  디스플레이 주변은 압전효과를 내는 구조로 둘러싸이도록 설계했다. 또 이 가운데 하나의 모드는 전기에 의해 소리신호를 만들어 내며, 또다른 모드에서는 진동에 의한 촉각(햅틱)신호를 만들어 내도록 했다.물론 이 기술은 아직 출원에 불과하며 실제 제품에 적용돼 시장에 출시될 것인지는 더 지켜봐야 할 전망이다. [[관련기사]☞버튼 느낌의 햅틱 터치스크린 등장☞애플, 터치방식 게임 컨트롤러 준비중☞애플, 아이폰 터치스크린용 햅틱특허☞전화오면 피부진동으로 알려준다...스마트 문신☞버튼감각 느껴지는 햅틱 터치스크린☞니콘 렌즈에서 음악이…`이색 스피커`☞‘안 만져도 반응하는’ 차세대 터치스크린 MIT서 개발이재구 기자 (jklee@zdnet.co.kr)▶ IT 세상을 바꾸는 힘 <지디넷코리아>▶ IT뉴스는<지디넷코리아>, 게임트렌드는<게임스팟코리아>▶ 스마트폰으로 읽는 실시간 IT뉴스<모바일지디넷>[저작권자ⓒ메가뉴스 & ZDNet & CNET. 무단전재 및 재배포 금지]"
4,2012-06-17,[경향포토]아차산 정상 화재 진압하는 소방헬기,https://news.naver.com/main/read.nhn?mode=LSD&mid=shm&sid1=100&oid=032&aid=0002227071,경향신문,"광진구 아차산에 원인모를 화재가 발생 산 정상에서 구리쪽으로 이동하고 있는 가운데 소방헬기가 화인 근처에 물을 뿌리고 있다.<박민규 기자 parkyu@kyunghyang.com>경향신문 ‘오늘의 핫뉴스’▶ 어린이집 “댁의 아이가 산만해서…”, 분통▶ ‘국민 경선’, 박근혜가 가장 우려하는 건…▶ “아내 외박, 너 때문에…” 이웃주부 살해한 30대 남성▶ 北, '박근혜의 방북때 발언' 공개 위협▶ [단독] “논이 늪으로” 4대강…농민 통곡, 기절모바일 경향[경향 뉴스진(News Zine) 출시!]| 공식 SNS 계정[경향 트위터][미투데이][페이스북][세상과 경향의 소통 Khross]- ⓒ 경향신문(www.khan.co.kr), 무단전재 및 재배포 금지〈경향신문은 한국온라인신문협회(www.kona.or.kr)의 디지털뉴스이용규칙에 따른 저작권을 행사합니다.〉"
5,2012-06-17,수치 ‘21년만의 뒤늦은 수상소감’…“노벨상은 내 마음에 새 문을 열었다”,https://news.naver.com/main/read.nhn?mode=LSD&mid=shm&sid1=104&oid=028&aid=0002146199,한겨레,"[한겨레][미얀마 민주화의 꽃, 뒤늦은 평화상 수상 소감]1991년엔 군부가 참석 막아아들이 대신 시상식서 연설“독재정권 탄압 받는 이들엔동정 불감증은 이중의 고통”“절대적 평화는 우리 세계에서 성취할 수 없는 목표입니다…. 하지만 이는 우리가 계속해서 여행해야 하는 목적지이며, 사막을 여행하던 이들을 결국 구원에 이르게 하는 길잡이별과 같은 것입니다.”21년을 기다린 연설이었다. 16일 오후(현지시각), 해마다 노벨 평화상 수상자의 연설이 진행되는 노르웨이의 수도 오슬로 시청으로 미얀마(버마)의 민주화 운동 지도자 아웅산 수치가 모습을 드러냈다. 노르웨이 왕족과 현지 미얀마 민주화 활동가 등 행사장을 가득 메운 청중들이 일어나 따뜻한 박수로 그를 맞았다. 토르비에른 야글란 노벨평화상위원회 위원장이 “세계를 변화시킨 역대 평화상 수상자를 대표하는 존재”라고 수치를 소개했다.수치는 이날 보라색 전통 의상과 옅은 보라색 스카프를 두른 채 교양 있는 영국식 억양을 써가며 지나간 시간들과 미얀마 민주화의 미래에 대한 자신의 신념을 연설에 담았다.그는 21년 전 갇혀 있던 자신에게 노벨상 수상 소식이 줬던 의미에 대해 “억압받고 소외된 버마인들도 역시 세계의 한 부분이라고 생각하면서도 당시는 나 스스로 그런 사실을 실감하지 못했다”며 “노벨상은 내 마음에 새로운 문을 열었다”고 말했다. “연금시절, 내가 더 이상 현실 세계의 일부가 아닌 것처럼 느껴졌지만 (평화상 수상은) 나에게 현실감각을 회복시켜 인류 사회로 이끌어냈고, 무엇보다 버마의 민주주의와 인권 투쟁에 대한 전세계의 관심을 불러일으켰다”는 것이다.돌이켜 보면 긴 시간이었다. 1945년 미얀마 건국의 아버지 아웅산 장군의 장녀로 태어난 수치는 군부 독재가 이어지고 있던 1988년 영국의 생활을 청산하고 모친의 간호를 위해 귀국했다. 그는 이후 야당인 국민민주연맹(NLD)의 총재로 취임한 뒤 1990년 총선에서 압승했지만, 군정은 선거 결과를 부정하고 그를 자택에 연금했다.이후 세계의 여론이 조금씩 움직이기 시작했다. 노벨평화상위원회는 1991년 ‘민주주의와 인권을 위한 비폭력 투쟁’에 대한 수치의 공로를 들어 그를 노벨상 수상자로 선정했다. 그러나 돌아온 것은 더 큰 억압이었다. 수치가 군부의 반대로 시상식에 참석하지 못했기 때문에 그의 큰아들이 21년 전 같은 자리에서 수상 연설을 진행했다. 이후 수치는 영국에 있던 남편의 임종도 지키지 못한 채 2010년 11월 자택 연금이 풀릴 때까지 세차례에 걸쳐 무려 15년에 걸친 가택 연금을 감내해야 했다. 노벨평화상위원회는 이날 수치를 불굴의 의지로 남아프리카공화국의 인종차별을 끝내고 민주화의 문을 열어젖힌 인류의 또다른 거인 넬슨 만델라와 비교하며 그의 업적을 기렸다.수치는 미얀마뿐 아니라 전세계의 양심수들이나 난민들과 어려움에 처한 이들에게 “잊혀진다는 것은 죽는다는 것”이라며 억압받는 이들에게 큰 나라들의 ‘동정 불감증’(compassion fatigue)은 “이중의 고통”이 될 것이라고 관심을 호소했다.그는 미얀마의 현재 상황에 대해선 ‘조심스런 낙관주의’를 가져야 할 시점이라고 말했다. 그러나 그것은 “미래에 대한 신념이 없어서가 아니라 눈먼 운명에 의지하고 싶지 않기 때문”이라고 잘라 말했다. 그리고 그가 두살 때 숨진 아버지에 대한 기억이 떠올랐는지 “사람들이 나를 아버지의 딸로 봐 주는 게 기쁘다”며 “그의 가치를 증명할 수 있어서 행복했다”고 말했다.수치는 18일 아일랜드 더블린에서 그룹 유투(U2)의 리더 보노가 그를 위해 여는 콘서트에 참석하며, 19일 영국에 있는 모교 옥스퍼드대를 방문한 뒤 영국 하원에서 연설을 한다.길윤형 기자charisma@hani.co.kr<한겨레 인기기사>■돌싱엄마가 결혼하는 딸에게■이석기 “애국가 국가 아니다…진정한 국가는 아리랑”■“칼로 찌르고 싶었어요” “나 같아도 그랬겠네요”■잉글랜드, 숙적 스웨덴에 극적 3-2 역전승■미꾸라지 살린다는 ‘메기 효과’, 알고보니…공식 SNS[통하니][트위터][미투데이]| 구독신청[한겨레신문][한겨레21]Copyrights ⓒ 한겨레신문사, 무단전재 및 재배포 금지<한겨레는 한국온라인신문협회(www.kona.or.kr)의 디지털뉴스이용규칙에 따른 저작권을 행사합니다.>"
6,2012-06-17,뇌파로 제어하는 시대 막 오른다,https://news.naver.com/main/read.nhn?mode=LSD&mid=shm&sid1=105&oid=011&aid=0002246557,서울경제,"■ 2012년 '전미 기술혁신상' 뉴로스카이 임종진 대표생각만으로 TV채널 변경…스토리가 달라지는 영화…지구촌 1,700곳서 적용 연구집중력 강화에도 큰 도움3년내 나스닥 상장 계획블루투스 헤드셋을 끼고 집중하자 투명관 속의 공이 떠오른다. 다른 생각을 하느라 집중력이 흐트러지자 공이 다시 바닥으로 떨어졌다. 벤처 기업 뉴로스카이(Neurosky)가 미국 장난감 회사인 엉클 밀튼과 지난 2009년 출시해 주목 받았던 ‘스타워즈 포스 트레이너(Star wars force trainer)’는 이처럼 공을 위아래로 움직이는 ‘단순한’ 장난감이다. 하지만 공을 움직이는 데 뇌파를 이용한다는 사실이 거의 센세이션에 가까운 반응을 불러왔다. 뉴로스카이의 기술은 이미 2005년과 2006년에 각각 포브스와 CNN이 ‘세상을 바꿀 기술’로 지목했다.이 같은 기업을 한국인이 설립했다는 것은 잘 알려지지 않은 사실이다. 최근 대전 한국과학기술원(KAIST)캠퍼스에서 만난 임종진(46ㆍ사진) 뉴로스카이 대표는 “뉴로스카이는 내가 만든 뇌과학 기술이 세계의 하늘을 덮게 하겠다는 의미로 지은 이름”이라고 설명했다. 뉴로스카이는 지난 2009년에 이어 올해에도 ‘전미 기술혁신상(Tech America Innovator Award)’을 수상했다. 2004년 미국 캘리포니아 산호세에 본사가 설립된 이후 지금까지 총 5,000만 달러의 투자를 유치했으며, 우리나라를 포함해 독일ㆍ중국ㆍ일본 등지에 지사를 두고 있다.현재 뉴로스카이의 기술을 이용해 다양한 제품과 서비스를 선보이는 협력사는 1,700여곳에 이른다. 뇌파의 변화에 따라 스토리가 달라지는 영화를 만드는 ‘마인드플레이’, 역시 뇌파의 변화에 따라 움직이는 고양이 귀 모양의 머리띠 ‘네코미미’로 일본에서 주목받은 덴소, 곧 뇌파로 제어하는 스마트TV를 선보일 ‘하이얼’, 뉴로스카이의 기술을 자동차에 적용할 방안을 연구하고 있는 도요타ㆍBMWㆍ닛산 등이다.뉴로스카이의 헤드셋은 아직 국내에서는 구입할 수 없지만, 미국에서는 130달러(약 15만원)에 판매돼 소비자들의 접근성을 높였다. 헤드셋을 구입하면 뉴로스카이의 협력사들이 개발한 다양한 교육ㆍ게임ㆍ엔터테인먼트 앱을 이용할 수 있는데, 앱 가격은 무료부터 300달러대로 다양하다.임 대표는 “외부에서 다양한 서비스를 개발하도록 플랫폼을 만들어주는 게 실리콘밸리 기업들의 전형적인 전략”이라며 “한국에서도 함께 서비스를 개발할 협력사를 찾고 있다”고 말했다. 현재도 뉴로스카이의 소프트웨어 개발도구(SDK)가 공개돼 있는 만큼 국내 개발사들도 얼마든지 관련 서비스를 만들 수 있다.그는 “뉴로스카이의 기술은 장난감과 게임뿐만 아니라 학생이나 운동선수의 집중력 강화 프로그램이나 의료 목적으로도 활용할 수 있다”고 설명했다. 예를 들어 미국의 양궁 선수들은 뉴로스카이의 프로그램으로 집중력 강화 훈련을 하고 있다. 앞으로는 장애인이 손대지 않고도 조작할 수 있는 다양한 기기, 알츠하이머 조기 판별과 주의력결핍과잉행동장애(ADHD) 개선을 도와주는 프로그램도 등장할 전망이다.임 대표는 이밖에도 “자동차 운전자가 졸면 알람을 울려주는 서비스 등을 개발 중”이라며 “뇌파뿐만 아니라 다양한 생체신호를 감지하는 서비스도 확대해 나갈 계획”이라고 말했다. 그는 “3년내 뉴로스카이를 나스닥에 상장할 것”이라고 덧붙였다. 다만 아직까지 조이스틱이나 키보드, 마우스만큼 조작이 세밀하지 못하다는 게 최대 난관이다.임 대표는 “30년 안에 우리의 생각을 백업하고 서로 주고받는 일도 가능할 것”이라고 단언했다. 영화에서나 보던 일을 뉴로스카이의 기술로 현실화시키겠다는 포부다. 뉴로스카이의 홈페이지 첫 화면에는 “진일보한 기술은 마술과 구분하기 어려운 법이다”라는 SF작가 아서 클라크의 말이 인용돼 있다.대전=유주희기자 ginger@sed.co.kr[한국아이닷컴 인기기사]☞요즘 여성들 車에 유행처럼 달고 있다는데…☞무섭게 떨어진 집값 '직격탄' 맞고도…☞국제적 망신 당하던 한국이… 놀랍다☞이병헌 '지아이조2' 갑자기… 할리우드 '술렁'☞'한국 자동차 막강 위력' 이 정도라니…[ⓒ 인터넷한국일보(www.hankooki.com), 무단 전재 및 재배포 금지]"
7,2012-06-17,뉴욕에 ‘제2 위안부 기념비’ 세웠다,https://news.naver.com/main/read.nhn?mode=LSD&mid=shm&sid1=104&oid=022&aid=0002408122,세계일보,"[세계일보]미국에 제2의 군대위안부 기념비(사진)가 세워졌다.16일(현지시간) 미국 뉴욕주 낫소카운티 아이젠하워파크 내 베터런스 메모리얼(현충원)에는 미주 한인사회가 그간 비밀리에 준비해온 군대위안부 기념비가 한국에서 건너와 건립됐다.기념비는 군대위안부 희생자가 흘린 피와 고통, 처절함을 상징하기 위해 붉은색 화강석으로 제작됐다. 비문은 일본군이 ‘성적인 노예(Sexual Slavery)’로 삼기 위해 20만명이 넘는 소녀를 강제로 납치해 갔고 이들에 대해 일본 군인이 저지른 극악무도하고 가증스러운 범죄(Heinous Crime)는 반드시 인정되어야 하며 절대 잊혀지지 않을 것이라는 강력한 메시지를 담고 있다.한미공공정책위원회 등 미주 한인단체는 일본 측 방해공작을 우려해 제2의 군대위안부 기념비 건립에 관한 모든 일을 비밀리에 추진했고 카운티 정부와도 은밀히 협의해 왔다. 통상 2년 걸리는 기념비 설치 허락, 장소 선정, 기념비 위원회 승인, 도안 및 제작, 공원국 설치 허가증 발행, 설치 과정을 2주일 반 만에 마쳤다. 공공정책위 이철우 회장은 “일본 정부와 의원이 뉴저지주 팰리세이즈파크의 기림비 철거를 요청하고 있지만, 이번 기념비는 한국과 미국의 지자체와 재미 한인사회를 대표하는 단체가 제작했기 때문에 일본 정부나 재미 일본인들도 감히 철거를 거론하지 못할 것”이라고 말했다.제막식은 오는 20일 열린다.위싱턴=박희준 특파원[Segye.com 인기뉴스]◆ '감히 내 딸을…' 딸 성추행범 살해한 아버지◆ 공덕역 실종녀 母 ""딸, 거짓말 하고있어"" 충격◆ 겨땀녀·겨땀남 주목!… 겨드랑이 전용 선풍기◆ ""김정일, 자강도 시찰 강행하다가 사망했다""◆ ［동영상] 가수 데뷔설 ‘신세경’, 티저영상 봤더니…[ⓒ 세계일보 & Segye.com, 무단 전재 및 재배포 금지][금융전문뉴스 세계파이낸스][모바일로 만나는 세계닷컴]<세계닷컴은 한국온라인신문협회(www.kona.or.kr)의 디지털뉴스이용규칙에 따른 저작권을 행사합니다.>"
8,2012-06-17,해운대 물놀이,https://news.naver.com/main/read.nhn?mode=LSD&mid=shm&sid1=102&oid=001&aid=0005651232,연합뉴스,"(부산=연합뉴스) 조정호 기자 = 17일 부산 해운대해수욕장에는 휴일을 맞아 무더위를 식히려는 나들이객 15만명이 몰렸다. 피서객들이 물놀이를 즐기고 있다.2012.6.17.ccho@yna.co.kr[이 시각 많이 본 기사]☞<아랍 판도 바꿀 이집트 대선 결선투표>☞<여수엑스포> 가수 비 ""여수 밤바다 정말 낭만적""☞워싱턴DC 60대女 한인업주, 강도 총격 사망☞<프로야구> 두산·롯데, 용덕한-김명성 트레이드☞황우여, 17일 김문수ㆍ이재오 연쇄회동 경선룰 논의<연합뉴스 모바일앱 다운받기><포토 매거진><저작권자(c)연합뉴스. 무단전재-재배포금지.>"
9,2012-06-17,“독도는 일본땅?”… 아이폰 시리 답변 '대박',https://news.naver.com/main/read.nhn?mode=LSD&mid=shm&sid1=105&oid=032&aid=0002226974,경향신문,"아이폰4S의 특화된 음성인식 기능 ‘시리’에 한국어가 추가되면서 한국어 시리 사용기가 트위터 등 SNS에 속속 올라오고 있다. 17일 트위터 상에는 “독도는 일본땅이 아니지?”라고 시리에게 물어보자 “아닐걸요"" 라는 답변을 얻었다는 후기가 올라왔다.한 트위터 사용자는 시리에게 “독도는 일본땅이 아니지?”라고 물었다. 그러자 시리는 “아닐걸요""라고 대답한다. 이어 아이폰 사용자는 “아닐걸요가 아니고 아니야""라고 시리에게 말한다. 그러자 시리는 “아니라면 아니지요”라고 답변한다. 사용자는 시리의 대답에 “그래 그거야. 앞으로도 그렇게 알고 있어"" 라고 말하자 시리는 “예”라고 순순이 대답한다.iOS6의 정식 버전은 이번 가을에 배포될 예정이나 개발자들은 소프트웨어 개발키트를 우선 내려받을 수 있다. 현재 SNS상에는 이 외에도 시리 베타 버전을 사용한 후기가 속속 올라오고 있다.트위터에서 한 사용자(@K…)가 “피곤해”라는 말을 반복하자, 시리는 “한숨도 못 주무신 거예요?”, “운전중이 아니기를 바랄 뿐입니다”라고 걱정한다. 급기야  “제말 잘 들으세요, 주인님. 당장 이 아이폰을 내려놓고 잠시 주무세요. 저는 여기서 기다리고 있겠습니다”라고 현명한 처방을 내린다.시리에게 “사랑해”라고 말하면 다양한 반응을 확인할 수 있다. 한 트위터 이용자(@b…)는 시리에게 사랑을 고백하자, “아이, 몰라~ 부끄러워요”라는 수줍은 답변을 들었다고 전했다. 또 다른 트위터 이용자는 “시리 사랑해”라고 말하자 “우리 그럴 수 없는 사이라는 걸 아시잖아요”라는 대답을 들었다. 또 다른 아이폰 사용자가 “사랑해 시리”라고 말하자 “우리의 사랑은 현실적 희망도 없는 두 개의 그림자가 키스하는 것 같아요”라고 시리는 대꾸한다. 또 다른 트위터 이용자(@j…)가 시리에게 사랑한다고 말하자, 시리는 우리는 “아직도 서로 모르는게 많다”면서 “저의 스승 중 한 분은 ‘사랑은 지성을 넘어선 상상의 승리’라고 말씀하셨다. 전 아직도 이게 무슨 말인지 이해가 안된다”는 철학적인 답변을 했다.한국어 시리 기능을 포함한 iOS6의 정식 버전은 올 가을에 공개된다. 이번 iOS6에서는 한국어를 비롯해 스페인어, 이탈리아어, 만다린(표준 중국어), 광둥어를 지원한다. 또 시리는 최신 스포츠 뉴스 등 단순 대화를 넘어선 생활 정보까지 제공할 것으로 알려졌다. 그간 시리는 영어, 프랑스어, 독일어, 일본어만 지원했다.<이윤정 기자 yyj@kyunghyang.com>[경향블로그][0과 1로 쓰는 아날로그 이야기]시리(Siri)가 한국어를 하면 이런 모습?[이고은의 만나고오는 길]페이스북 ‘좋아요’의 세계[전병역의 시대잡설] 일본, 구글맵의 ‘독도’ 항의 검토[이승철의 ‘푼푼한 글집’] 한·일 사이버 대전[손제민의 ‘생태와 평화’] 독도소동 수혜자는 한·일 우익들[고영득의 ‘타박타박 일본’] 일본, 독도를 포기했었다?[0과 1로 쓰는 아날로그 이야기] 구글의 만우절 선물!모바일 경향[경향 뉴스진(News Zine) 출시!]| 공식 SNS 계정[경향 트위터][미투데이][페이스북][세상과 경향의 소통 Khross]- ⓒ 경향신문(www.khan.co.kr), 무단전재 및 재배포 금지〈경향신문은 한국온라인신문협회(www.kona.or.kr)의 디지털뉴스이용규칙에 따른 저작권을 행사합니다.〉"
10,2012-06-17,"문재인, 대선 출마 선언",https://news.naver.com/main/read.nhn?mode=LSD&mid=shm&sid1=100&oid=001&aid=0005651054,연합뉴스,"(서울=연합뉴스) 유용석 기자 = 문재인 민주통합당 상임고문이 17일오후 서울 서대문구 통일로 독립공원에서 대선출마 선언에 앞서 독립문을 나서며 지지자들에게 손을 흔들고 있다. 2012.6.17yalbr@yna.co.kr[이 시각 많이 본 기사]☞<아랍 판도 바꿀 이집트 대선 결선투표>☞<여수엑스포> 가수 비 ""여수 밤바다 정말 낭만적""☞워싱턴DC 60대女 한인업주, 강도 총격 사망☞<프로야구> 두산·롯데, 용덕한-김명성 트레이드☞황우여, 17일 김문수ㆍ이재오 연쇄회동 경선룰 논의<연합뉴스 모바일앱 다운받기><포토 매거진><저작권자(c)연합뉴스. 무단전재-재배포금지.>"
11,2012-06-17,마이클잭슨 사망 3주기 추모 플래시몹,https://news.naver.com/main/read.nhn?mode=LSD&mid=shm&sid1=102&oid=003&aid=0004557497,뉴시스,"【부산=뉴시스】 하경민 기자 = 팝의 황제 마이클잭슨 사망 3주기를 맞아 부산에서 시민 등 500여 명이 한 곳에 모여 대규모 플래시몹을 펼쳤다. 16일 오후 부산 신세계센텀시티 야외분수광장에서 전문 안무가와 부산대 동아리, 부산지역 고교 및 대학생, 신세계에서 근무하는 임직원 등 500여 명이 'Beat It', 'They Don`t Care about us', 'Heal the World' 등 주옥같은 마이클 잭슨의 음악에 맞춰 신나게 춤을 추고 있다. 이번 행사를 기획한 신세계센텀시티는 이날 플래시몹 참가자 1인당 1000원의 후원기금을 마련해 굿네이버스에 기부할 예정이다.yulnetphoto@newsis.com★ 손 안에서 보는 세상, 모바일 뉴시스<저작권자ⓒ 공감언론 뉴시스통신사. 무단전재-재배포 금지.>"
12,2012-06-17,국회 벗어난 야당 '잠룡'…출마 장소도 '의미심장',https://news.naver.com/main/read.nhn?mode=LSD&mid=shm&sid1=100&oid=008&aid=0002859244,머니투데이,"[머니투데이 김세관 기자]ⓒ사진=뉴스1제공지난 2007년 5월10일, 당시 여당의 강력한 '잠룡'으로 분류됐던 이명박 전 서울시장은 오전 11시 서울 염창동의 한나라당 당사에서 기자회견을 열고 ""한나라당의 후보로 반드시 정권을 교체하겠다""며 대권 도전을 선언했다.이와 함께 오는 18대 대선에 가장 먼저 출사표를 던진 김문수 경기도지사와 일주일 간격을 두고 출마를 선언한 정몽준 의원은 출마 장소를 국회 정론관(브리핑 룸)으로 정했다.이처럼 그동안 대한민국 대통령을 꿈꾸는 정치인들에게 대선 출마 장소는 민의의 상징인 국회, 혹은 정당의 중심인 중앙당사가 공식처럼 여겨졌다.그러나 올해 야당 '잠룡'들은 다르다. 출마 기자회견을 열게 될 장소를 두고 후보 캠프 간 미묘한 신경전이 벌어지는가 하면 장고의 회의를 거쳐 결정해야 할 만큼 정체성과 노선을 나타내는 하나의 '상징'으로 인식하는 분위기다.출발선은 손학규 민주통합당 상임고문이 끊었다. 손 고문은 지난 14일 서울 광화문 광장 세종대왕 동상 앞에서 대권 도전을 선언했다.ⓒ사진=뉴스1제공그는 ""세종대왕이야말로 백성의 삶을 챙기는데서 국정을 시작해 만백성을 하나로 통합하는데서 국정을 마무리 한 성군이었다""며 대권 도전을 선언했다. '민생'과 '통합'을 앞세운 손 고문 입장에서 비교적 적절한 장소였다는 평이다.그러나 이를 바라보는 가장 강력한 민주당 대선 주자인 문재인 상임고문 측의 속내는 편치 않았다. 당초 문 고문도 17일 광화문 세종대왕 동상 앞에서 대선 출마를 선언하려고 했다.세종대왕이라는 역사상 가장 성군으로 꼽힌 군주라는 상징성과 더불어 문 고문이 10.26 재보궐 선거 당시 박원순 시장을 지원하기 위해 처음 대중 앞에 섰던 의미를 되새기려 했던 것이다.그러나 손 고문에게 당초 계획했던 장소를 선점 당함에 따라 문 고문은 일제시절 악명 높은 감옥이 있던 장소인 서대문 독립공원을 대선 출마 장소의 '플랜B'로 설정했다.김경수 문 고문 공보특보는 ""서대문 독립공원은 우리나라 독립과 민주주의를 지키기 위해 항거하고 고난을 당했던 수많은 독립투사와 민주인사들의 애국정신이 살아 숨 쉬는 곳""이라며 장소 선정 이유를 설명했다.아울러 서대문 독립공원은 1974년 문 고문이 민주화 운동으로 4개월 간 수감됐던 서대문 형무소가 위치했던 자리라는 의미도 있다.이처럼 야권 잠룡 '빅4'중 손학규, 문재인이 대선 출마 장소에도 의미를 부여함에 따라 아직 공식 출마를 선언하지 않은 김두관 경남지사와 정세균 상임고문도 장소 선정을 두고 고심에 고심을 거듭하고 있는 것으로 알려졌다.김 지사는 '이장'에서 '도지사'에까지 이르는 스토리와 지역주의 타파라는 상징성을 나타낼 수 있는 장소를 물색하고 있으며, 24일 대선 출정식을 진행하는 정 고문도 광화문·독립공원과 같은 야외는 아니지만 후보를 나타낼 수 있는 곳을 결정하기 위해 장고에 들어갔다는 후문이다.이 같은 야권 잠룡의 신중한 출마 회견 장소 선택에 대해 한 후보 캠프 관계자는 ""대통령 후보를 대중들에게 알릴 때 정책이나 인물도 중요하지만 후보의 이미지를 전달하는 방식도 가볍게 볼 수 없다""며 ""인물이나 사물에 '매칭'을 시키면 아무래도 대중들에게 쉽게 각인될 수 있다""고 말했다.또 다른 대선 후보 측 관계자는 ""그 만큼 야권의 정권교체에 대한 의욕이 대단하고 절박하다는 의미 아니겠느냐""며 ""여당의 대선 후보가 될 것으로 보이는 박근혜 새누리당 전 비대위원장과 확실한 차별화를 두기 위한 전략일 수 있다""고 말했다.[핫이슈]숨은 진주를 찾아라 ""생활속 주식""[내손안의 스마트한 경제정보, 머니투데이 뉴스가판대][관련 키워드]출마장소|손학규|문재인|김두관|정세균[머니투데이 핫뉴스]☞6년전 '로또'판교 당첨된 사람들 ""지금은…""☞'Kill You' e메일 밥먹듯 받는 사나이...왜?☞'갤S3'냐 '아이폰5'냐 그것이 문제로다☞이석기 ""애국가는 국가 아니다, 진짜 국가는…""☞선생님별 옷 입는 스타일 ""완전 공감""폭소김세관기자 sone@<저작권자 ⓒ '돈이 보이는 리얼타임 뉴스' 머니투데이, 무단전재 및 재배포 금지>"
13,2012-06-17,지구를 골프공 크기가 될 때까지 누르면?,https://news.naver.com/main/read.nhn?mode=LSD&mid=shm&sid1=105&oid=353&aid=0000010121,중앙SUNDAY,"로버트 오펜하이머(1904~67)는 원자탄을 개발한 미국 물리학자로 알려져 있지만 아는 사람 사이에선 블랙홀의 개척자로도 유명하다. 1939년 발표한 논문 ‘거대한 중성자핵’은 블랙홀을 처음 과학적으로 규명한 역사적인 논문이다. 논문의 내용을 요약하면 이렇다.그는 아인슈타인의 일반 상대성 이론을 태양보다 10배 정도 무거운 별에 적용했다. 결론은 스스로의 중력을 이기지 못하고 수축해 블랙홀이 된다는 것이었다. 그런데 이 논문을 아인슈타인에게 보여줬더니 ‘어딘가 계산이 잘못된 것’이라며 믿지 않았다고 한다.‘블랙홀’의 아이디어는 1783년 지질학자 존 미첼이 쓴 영국 학회지 논문에 처음 나타난다. 그는 천체 질량이 아주 커지면 중력도 아주 같이 커져 빛조차 빠져 나올 수 없으리라 추측했다. 오늘날 그의 생각은 근본적으로 맞는다는 게 밝혀졌지만 당시엔 안 그랬다.지구를 기준으로 설명하면 이렇게 된다. 지구의 질량(무게)을 유지하면서 반경을 줄이면 표면의 중력은 점점 더 강해진다. 만유인력은 질량에 비례하며 거리(반지름)의 역제곱에 비례하기 때문이다. 예를 들어 태양의 질량을 유지한 채 반경을 2.9㎞까지 줄인다면 태양 표면을 벗어나려는 로켓의 속도는 빛의 속도가 돼야 한다. 그런데 빛의 속도는 넘어설 수 없다. 로켓은 결코 태양을 절대 벗어날 수 없다. 거기서 발생한 빛도 마찬가지다. 이런 반경을 ‘슈발츠실드 반경’이라고 하며 모든 물체가 빠져 나올 수 없는 블랙홀의 행동반경이 되는 것이다.참고로 지구를 누르고 눌러 반지름이 골프공 크기의 1.8㎝가 되게 하면 지구는 드디어 블랙홀이 된다. 체중 100㎏의 남자를 압축해 원자핵보다 1조 배나 작게 만들 경우 반지름이 10-23㎝, 밀도는 10-73gr/㎤가 되는 블랙홀이 된다. 물론 이때 그 남성도 블랙홀이 된다. 이렇게 블랙홀은 여러 종류가 있을 수 있고 은하계의 중심엔 거대 블랙홀이 있다는 게 확인된 상태다. 사람을 눌러 반경 10-123㎝인 미니 블랙홀이라면 그게 우리 몸 속을 지나가도 느끼지 못할 것이다. 왜 그럴까. 답이 뒤에 있다.사실 우리 우주에는 크고 작은 블랙홀이 깔려있다. 1960년대에 미국 국방부는 군사용 첩보위성을 우주에 띄어놓고 소련을 감시했다. 그런데 이 첩보위성에 거의 매일 강한 감마선(빛보다 파장이 훨씬 짧은 강한 전파) 신호가 잡혔다. 처음에는 소련을 의심했지만 감마선이 우주 깊숙한 곳에 올 뿐 아니라 1초 정도의 짧은 시간에 강하게 발사된 뒤 곧 없어진다는 게 확인됐다. 과학자들은 이를 감마선 폭발체(γ-ray Burst)라 이름 지었고 그게 우주 깊은 곳의 별이 블랙홀이 되면서 내뿜는 강한 감마선임을 확인했다.블랙홀은 인위적으로 만들 수 있다. 요즘 과학자들은 제네바의 지하에 설치된 세계 최대의 입자가속기인 LHC(Large Hadron Collider)를 이용해 미니 블랙홀을 만들려 하고 있다. 과학을 모르는 한 미국인이 블랙홀을 만들면 지구를 집어 삼키게 된다고 하와이 법원에 LHC 가동 정지 가처분 신청을 했다는 웃지 못한 일도 있었다.그런데 어떤 과학자들은 ‘우주 전체가 우주 밖에서 보면 블랙홀’이라는 흥미 있는 가설을 제기한다. 앞서 설명한 것처럼 질량이 큰 물체가 블랙홀이 되면 반경이 커지고, 블랙홀의 밀도는 질량의 제곱에 역비례해 작아진다. 이런 방식대로 보면 관측된 우리 우주의 반경이 약 130억 광년, 밀도는 10-29gr/㎤ 인 것은 블랙홀의 조건을 그대로 갖고 있는 것이다. 결국 우리 우주 자체가 블랙홀일 수 있다는 말이다. 한 걸음 더 나가 모든 블랙홀 속은 다른 우주와 연결돼 있고 거대 우주에는 수많은 평행 우주가 있다는 주장을 하는 천문학자도 있다.블랙홀 연구에서 빼놓을 수 없는 사람이 또 있다. 루게릭병을 앓고 있는 스티븐 호킹 박사다. 모든 것을 빨아들여 빛조차 탈출을 못하는 블랙홀은 한 번 생기면 영원히 살을 찌우면서 존재할 것인가? 호킹 박사는 ‘호킹복사를 방출하면서 소멸하고 증발할 수 있다’고 한다. 그 이론은 이런 내용을 갖고 있다.모든 것을 집어 삼키는 블랙홀의 경계면(Event Horizen)에서는 중력장이 매우 강하다. 그래서 E=mc2이라는 이론에 따라 전자와 반전자 쌍이 쉽게 만들어진다. 그런데 만들어진 두 입자 가운데 경계면에 가까운 쪽은 블랙홀로 흡수되지만 남은 ‘반대 성질을 가진 입자’는 우주로 날아가게 된다.이렇게 전자 같은 소립자를 방출되면서 방사선이 방출된다. 그게 호킹복사다. 계산에 따르면 방사선의 방출 강도는 블랙홀 경계면의 면적에 비례한다. 블랙홀이 안고 있는 에너지는 ‘반지름의 세제곱’이므로 방사 효율은 블랙홀의 반경에 역비례한다. 이런 계산에 따르면 거대 블랙홀이라도 끝없이 속살을 찌우며 팽창하는 것은 아니다. 우리 주변에 사람을 압축해 만든 초미니 블랙홀이 있다 해도 순식간에 증발해버린다. 세상에는 영원무궁한 존재는 없다는 교훈을 블랙홀은 다시 일깨워 준다.한국과학문화진흥회 이사장 risec@hanmail.net[ⓒ 중앙선데이 & Jcube Interactive Inc., 무단 전재 및 재배포 금지]"
14,2012-06-17,"매콤달콤 떡볶이, 뼈대 있는 음식이었네",https://news.naver.com/main/read.nhn?mode=LSD&mid=shm&sid1=103&oid=047&aid=0002002523,오마이뉴스,"[오마이뉴스 조을영 기자]우리는 흔히 길에서 파는 음식을 불결한 것이라고 이야기 한다. 하지만 먼지 날리는 길에서 파는 허접한 싸구려 음식에 불과할 뿐이라고 치부될 수도 있는 이 음식들에는 사람의 역사가 고스란히 담겨 있다는 것도 기억해야 한다.한편으로는 서민 경제의 바로미터이자 그 시대 문화와 풍속을 알게 해주는 가장 간편한 측정도구 역할을 하는 것도 길거리 음식이다. 이처럼 단지 먹는 것으로만 기능하지 않는 길거리 음식, 그 속에 담긴 발자취와 의미를 찾아보는 것도 재미있지 않을까? 그 중 한국 길거리 음식의 대표주자인 떡볶이에 대해 이야기해보기로 한다.떡볶이는 원래 붉은 색이 아니였어▲ 길거리에서 파는 떡복이.ⓒ 조을영"
15,2012-06-17,반가운 손님이?…포스코건설 사옥에 둥지 튼 까치가족,https://news.naver.com/main/read.nhn?mode=LSD&mid=shm&sid1=101&oid=112&aid=0002309242,헤럴드POP,"[헤럴드경제=정순식 기자] 포스코건설 송도사옥의 외벽 사인물(POSCO E&C)에 까치부부가 둥지를 틀어 화제다. 포스코건설 송도사옥은 크리스탈을 형상화한 세련된 미관을 뽐내며 송도국제도시의 랜드마크 역할을 하고 있는 인텔리전트 빌딩이다.포스코건설 직원들은 기쁜 소식을 전해준다는 까치가 회사에 보금자리를 마련하자 대체로 반가워 하는 분위기다. 반면, 사옥을 관리하는 부서는 까치로 인해 건물과 직원들에게 피해가 있지는 않을까 노심초사하고 있다.이에 포스코건설은 까치둥지 처리를 두고 사내 토론방을 열었다. 2000여명의 직원들이 참여한 이번 토론에는 다양한 의견이 나왔다. 둥지철거를 찬성하는 한 직원은 “둥지는 밤마다 조명이 들어오는 회사 사인물 위에 자리해 까치가족이 누전으로 다칠 위험이 있다”며, “둥지를 근처 공원으로 이전해주자”라고 주장했다.반면 “우리에게 찾아온 행운을 지키자”며 “건물 주변에 떨어진 까치 분비물 등은 직원들이 자발적으로 청소하면 된다”라며 철거를 반대했다.포스코건설은 까치가족의 방문이 반갑지만 ‘까치가 좀더 안전한 장소로 옮기는 것이 바람직하다’는 직원들의 의견을 수렴해 둥지를 올해 안에 철거하기로 결정했다. 다만, 부화된 새끼의 보호차원에서 아기 새의 날개가 자라 혼자 비행할 수 있을 때 둥지를 철거한다는 계획이다.sun@heraldm.com[오늘의 인기기사]◆ 제주도 심령사진...“의문의 중년 남성, 조작 아니다”◆ 정아율 사망…자살 직전 행적 보니…“남자친구, 후배와 술”◆ 무광 블랙의 현실…국산차의 비애 “내 차도 아닌데 슬퍼”◆ 눈 없는 아기 사연…“언젠가 저 아이가 세상을 볼 수 있는 그 날이 오길”◆ 트럭만 한 강아지…“내 주머니 안에도 들어와볼래?”- 헤럴드 생생뉴스 Copyrights ⓒ 헤럴드경제 & heraldbiz.com, 무단 전재 및 재배포 금지 -"
16,2012-06-17,예술 같은 곡예 여수 옆 광양서 더위 날려 볼까,https://news.naver.com/main/read.nhn?mode=LSD&mid=shm&sid1=103&oid=353&aid=0000010106,중앙SUNDAY,"1, 2 한국팀의 ‘카르마’ 3, 4 스페인팀의 ‘갈뚝’제철소로 유명한 산업도시 광양이 문화예술도시로의 변신을 꾀하고 있다. 바다를 낀 이웃도시 여수에서 개최 중인 엑스포와 시너지 효과를 노린 글로벌 규모의 서커스 페스티벌이 한창이다. 세계 유수의 서커스 팀들을 대거 초청해 페스티벌 형식으로 장기공연을 이어가는 것은 국내에서 처음 있는 시도다. 여수 엑스포와 동일 기간인 93일 동안 총 210회 공연이 예정돼 있다. 여수와 광양을 잇는 이순신대교를 통하면 20분 거리라 엑스포를 관람한 뒤의 여흥으로 제격이다.한국·슬로바키아·스페인·미국·영국·중국을 대표하는 세계 최고 수준의 팀들이 선보이는 공연은 ‘아트 서커스’. 과거의 서커스가 곡예와 마술·동물 묘기가 중심이 된 신기한 볼거리에 그쳤다면 아트 서커스란 뚜렷한 테마와 스토리텔링, 무용과 연기, 음악, 조명요소를 더해 예술적 차원으로 업그레이드한 새로운 개념의 쇼다. 서커스 본연의 재미는 기본이 되고 뮤지컬·오페라·발레 등 각 예술장르의 매력을 빌려와 하나로 엮은 종합예술이라 할 수 있다. 이미 세 차례 내한공연을 가진 캐나다의 ‘태양의 서커스’가 대표적이다.6개국 최정상 팀 석 달간 릴레이 공연5월 12일 개막해 8월 12일까지 3개월 동안 2개국씩 짝을 지어 공연이 계속된다. 슬로바키아의 ‘아고라 제5원소’ 공연이 끝나고 지금은 한국의 ‘카르마’와 스페인의 ‘갈뚝’이 공연 중이다. ‘아고라 제5원소’는 슬로바키아의 유명 음악가 마옥의 음악과 노래가 라이브로 연주되며 음악과 곡예가 짜릿한 합을 이룬 공연을 보여줘 큰 호응 속에 막을 내렸다. 페스티벌 초기에는 인지도 부족으로 흥행이 저조했지만 입소문을 타고 관객이 증가해 개막 한 달을 맞은 시점에 전체 예매율이1, 2 한국팀의 ‘카르마’ 3, 4 스페인팀의 ‘갈뚝’63% 수준으로 올라섰다.한국적 토종서커스를 표방한 ‘카르마’는 중국 스튜디오에서 아웃소싱 방식으로 제작한 작품으로 한국·중국·러시아 배우 70명이 투입됐다. 신화에서 모티브를 따 이국적인 스토리 라인을 만들고 모차르트의 ‘마술피리’, 로시니의 ‘세빌리아의 이발사’, 헨델의 ‘리날도’ 등 오페라 음악으로 웅장함을 도모했다. 요즘 인기를 끌고 있는 샌드 애니메이션으로 각 장을 열고 신과 악신의 대결구도를 설정해 스토리를 전개하는 방식은 호기심을 자극했다. 그러나 토종서커스라고 하기엔 국적불명이었고, 세련되지 못한 의상도 거슬렸다. 무엇보다 전통적인 서커스 형식이 발레·오페라 등 예술적 요소들과 융화되지 못하고 분리된 느낌을 줘 토종 콘텐트의 아트 서커스를 향한 길은 아직 멀어 보였다.2011년 독일의 서커스 론칼라상을 수상한 스페인의 ‘갈뚝’은 차원이 다른 아트 서커스의 세계를 선보였다. 스페인의 성곽을 연상시키는 무대 장치와 민속적인 음악, 알록달록 재미난 전통의상들로 우선 아이덴티티가 분명했다. 각각 특징 있는 캐릭터로 분장한 아티스트들이 분위기를 띄우며 파스텔톤의 총천연색 조명이 교차하는 동화 속 판타지 세상이 펼쳐진다. 잠들기 싫은 소녀가 인형들과 함께 꿈속 세상을 여행하며 환상의 동물들을 만나는 단순한 스토리 라인이지만, 공중곡예를 하더라도 샹들리에나 하늘을 나는 우산 등 무대장치를 적극 이용해 곡예와 스토리가 일체가 되는 순간들이 작품의 완성도를 말해 줬다.아티스트들의 개인기도 발군이었다. ‘카르마’가 주로 접시 돌리기, 링 통과, 인간 피라미드 등 집단 곡예의 스펙터클로 승부한 데 비해, 인간 육체의 한계를 시험하는 개인기 퍼레이드에 환호와 갈채가 절로 터져나왔다. 곡예사들의 경이로운 묘기와 연기자들의 감초 역할도 균형을 이뤘다. 향수를 자극하는 서커스 단장과 엉터리 피에로를 비롯한 우스꽝스러운 캐릭터들을 극대화시킨 연기는 서커스의 또 다른 본질이라 할 수 있는 유머의 요소를 부각시켰다.‘갈뚝’을 관람한 한국예술종합학교 이건용 전 총장은 “아티스트들의 캐릭터와 이미지가 살아 있고, 구성 면에서 명성 있는 서커스단체로서의 관록을 보여줬다. 퍼포먼스와 음악도 잘 어우러져 듣기에도 좋았다. 예정돼 있는 다른 해외단체들의 공연도 기대된다”고 말했다. ‘카르마’와 ‘갈뚝’은 각각 24일과 7월 2일까지 이어진다. 6월 29일부터는 2007년 LA공식문화유산으로 지정된 미국의 ‘디아볼로’, 7월 6일부터는 중국 ‘서유기’, 7월 19일부터는 영국의 ‘엘리멘털’ 공연이 예정돼 있다.5, 6 슬로바키아팀의 ‘아고라 제 5원소’문화예술도시 광양이 가야 할 길이번 서커스 페스티벌이 주목되는 것은 단순한 일회성 행사가 아니라 문화수준이 낙후된 지방도시에서 문화예술을 통한 지역개발에 시동을 건 기획이기 때문이다. 이성웅 시장의 주도하에 문화예술도시로 거듭나기 위해 절치부심 중인 광양시가 새로운 지역 콘텐트로 아트 서커스를 택한 것이다. 여수 엑스포를 계기로 페스티벌을 개최해 열기를 조성한 후 국제기구를 조직해 정기적인 국제행사로 키워가겠다는 포부로 시작한 112억원 규모의 사업이다. 공연장을 찾은 한국음악교육협회 이용일 명예회장은 “문화예술도시로의 승격과 지역민들의 문화적 정서함양이라는 교육적 측면, 두 마리 토끼를 잡을 수 있는 프로젝트다. 부산영화제나 광주비엔날레처럼 단기간에 집중적인 행사로 조직한다면 가능성은 밝다”고 점쳤다.문화예술을 통한 지역 활성화의 좋은 모델로 클 만한 프로젝트지만 현 시점에서 전망이 마냥 밝지만은 않다. 정치적인 이해관계가 얽히고 문화에 대한 지역의 의식수준이 아직 미비해 아트 서커스를 지속가능한 국제행사로 키워가려는 당초의 야심찬 계획이 흔들리고 있는 실정이다. 이돈종 조직위원장은 “아트 서커스 페스티벌을 산업도시에서 문화예술도시로 전환하기 위한 시발점으로 삼고, 광양을 세계 아트 서커스의 메카로 키워보려 했지만 아트 서커스에 대한 인지도와 지역민들의 문화투자에 대한 이해도가 낮아 반발도 있다. 엑스포 기간 동안 서울에서도 보기 힘든 세계 수준의 공연이 이어지는데 우리만 보기 아까운 공연들이다. 많이들 보셔서 힘을 실어줬으면 좋겠다”고 말했다.최고 수준의 콘텐트를 돋보이게 할 환경정비도 현재 진행 중이다. 이탈리아 전문업체에서 제작한 1615석 규모의 고급 텐트형 공연장 2동을 포함해 가건물 9개 동이 들어선 대형 행사장이지만, 개막 초기 서커스 이외에는 볼거리가 없어 ‘월드 페스티벌’에 걸맞은 분위기 조성이 절실했다.이에 조직위 측은 6월 16일부터 행사장 내에 문화축전장 운영과 다양한 문화행사를 마련했다. 문화축전장에서는 악어쇼, 트릭아트전시, 민속오락관 등 볼거리와 다양한 기념품 판매시설을 운영한다. 야외공연장에서는 시민 노래자랑, 청소년 동아리 공연, 시립예술단과 지역예술인 공연, 가요무대, 청소년 밴드경연대회 등이 예정돼 있다. ‘서커스 페스티벌’의 분위기를 띄울 감성적 배려가 본격 시작된 것이다. ‘서커스’를 구경하는 경험이란 비일상의 공간에서 느끼는 황홀감에 대한 기대를 동반하는 것. 그 설렘과 여운이 공연 전후로 확장된다면 관객의 만족감도 두 배, 세 배로 높아질 것이다.광양 유주현 객원기자 yjjoo@joongang.co.kr 사진 광양월드아트서커스 조직위원회[ⓒ 중앙선데이 & Jcube Interactive Inc., 무단 전재 및 재배포 금지]"
17,2012-06-17,[경향포토]공덕역에서 아찔한 상황,https://news.naver.com/main/read.nhn?mode=LSD&mid=shm&sid1=102&oid=032&aid=0002226862,경향신문,"16일 쌍용차 범국민대책위와 경향신문이 공동으로 주최 한 ‘6·16 희망과 연대의 날. 함께 걷자, 함께살자, 함께 웃자’에 참석한 시민들이 여의도에서 출발해 지하철 5호선 공덕역 내려 대한문까지 행진을 하려하자 경찰들이 지하철 출구를 막고 있다.<정지윤 기자 color@kyunghyang.com>경향신문 ‘오늘의 핫뉴스’▶ 어린이집 “댁의 아이가 산만해서…”, 분통▶ ‘국민 경선’, 박근혜가 가장 우려하는 건…▶ “아내 외박, 너 때문에…” 이웃주부 살해한 30대 남성▶ 北, '박근혜의 방북때 발언' 공개 위협▶ [단독] “논이 늪으로” 4대강…농민 통곡, 기절모바일 경향[경향 뉴스진(News Zine) 출시!]| 공식 SNS 계정[경향 트위터][미투데이][페이스북][세상과 경향의 소통 Khross]- ⓒ 경향신문(www.khan.co.kr), 무단전재 및 재배포 금지〈경향신문은 한국온라인신문협회(www.kona.or.kr)의 디지털뉴스이용규칙에 따른 저작권을 행사합니다.〉"
18,2012-06-17,“회사 내부에선 풀 방법 없어 국회에서 해결해야”,https://news.naver.com/main/read.nhn?mode=LSD&mid=shm&sid1=102&oid=032&aid=0002226842,경향신문,"“회사 내부에선 풀 방법 없어 국회에서 해결해야”거리로 나간 뉴스 앵커 최일구 MBC 부국장TV 화면에서 사라진 앵커가 길거리에서 발견됐다. 이순신 장군 동상이 보이는 서울 광화문광장 입구에서 말이 아니라 몸으로 ‘앵커 멘트’를 날리고 있었다. “해고기자 살려내라!” 지난 6월 4일 MBC기자회의 해고기자 복직을 요구하는 릴레이 1인시위에 첫 시위자로 나선 최일구 기자 이야기다.이렇게 미안한 마음으로 인터뷰를 하기는 처음이다. 지난 6월 13일 오전 11시 45분, 그는 서울 여의도 MBC 본사 로비에 있었다. 50여명이 앞에 피켓을 놓고 연좌한 대열의 중간에 앉아 있었다. ‘오라누이연합’이라나. 파업에 참여하고 있는 20년차 이상 선배 그룹이다.이날 현재 파업 136일째. 800명이 넘는 인원이 참여하고 있다. 4명이 해고되고 40여명이 정직 이상의 중징계, 69명이 대기발령을 받았다. 일선 기자·PD·아나운서는 물론 보직 간부에서 정년퇴직을 앞둔 최고참 선배들까지 합류해 파업의 강도를 높이고, 회사는 대량 징계로 맞대응하고 있다. 아무리 봐도 출구가 보이지 않는다.최 기자도 연거푸 징계 폭탄을 맞았다. 지난 2월 23일 주말 뉴스데스크 앵커 직을 내려놓고 파업에 참여한 그는 3월 5일 정직 3개월의 징계를 받았다. 회사는 이미 징계한 그를 지난 6월 10일 다시 대기발령자 명단에 포함시켰다. MBC 앞마당 분수대 옆 벤치에 그와 마주앉았다.여러 가지로 마음이 심란할 텐데 괴롭혀서 미안혀.“하하하.(크게 웃음) 반은 고맙고 반은 거시기한 거지.”그는 인터뷰에 응한 심정을 ‘최일구답게’ 이렇게 표현했다. 같은 시기에 함께 기자의 길로 들어선 그와 내가 TV 화면이나 지면이 아닌 맨얼굴로 다시 대면한 것은 26년 만이다. 하지만 수습시절 함께 연수받은 이후 처음 만난 감회에 느긋하게 젖어 있을 겨를이 없었다.아까 로비에서 농성하는 모습을 보니 처연하더군요.“매일 11시에 모여요. 파업 50일쯤 됐을 때부터 20년차 이상이 하루 한 시간씩 그렇게 해요. 처음에 어버이연합을 빗대서 오라비연합인가? 그렇게 부르다가 여자도 있으니까 오라누이연합이라고….(웃음)”50여명 되던데, 20년차 이상이 그렇게 많이 파업에 참여한 건가요.“많을 때는 100명도 돼요. 아까 내 옆에 앉아 있던 분들 다 정년이 얼마 안 남은 선배예요. 처음에는 공정방송하자는 걸로 (파업을) 시작했는데, 140일 가까이 되니까 공정 대 비공정의 싸움에 더해서 양심 대 비양심의 싸움이 되어간단 말이죠. 옛날 파업할 때는 부장 이상은 안 내려와도 뭐라고 하지 않았어요. 지금은 희한한 게 선배·간부까지 참여하고 시간이 갈수록 그 숫자가 늘어난다는 거예요. 지난주(6월 5일)에 국장급 15명이 또 내려왔잖아요.”정직 징계 중인데 어떻게 해서 또 대기발령을 받았는지….“아이고 몰라요. 노조 특보 보니까 부당한 것이라고 해요. 이미 징계 먹은 사람한테 또 대기발령이라는 게…. 대기발령이라는 건 일하고 있는 사람한테 일하지 말라는 것이고, 그래서 인사부 소속으로 만들어 놓는 것 아니에요? 근데 대기발령을 하면 오히려 월급을 줘야 된다나. 뭐가 뭔지 모르겠고, 또 워낙 남발하다 보니까 무덤덤하더라고. 이 나이에 큰 대(大)자 대기자(大記者)가 돼도 시원찮을 판에 대기하라는 대기자(待機者)가 돼버리니 참.”언론사에서 부장·국장급과 보직간부의 파업 동참은 매우 이례적이다. 부장으로 승진하면 자동으로 노조에서 탈퇴 처리돼 조합원 자격도 상실한다. 비록 그렇더라도 재가입해서 조합원으로 복귀가 가능하다는 걸 이번 MBC 파업을 통해 처음 알았다.그동안 언론사 파업이 많았지만 이렇게 전면적이고 장기적인 건 처음이잖아요. 선배로서 참 갑갑하겠습니다.“총파업에 들어간 첫 주말에 뉴스데스크를 진행하면서 내 모습이 너무 초라해지는 거예요. 30분짜리 뉴스가 7분으로 줄어들고 그것도 혼자 앉아서 하니까…. 점심 먹으러 갈 때 로비에 후배들 눈이 반짝반짝하면서 나를 쳐다보고…. 그래서 안 되겠다, 나도 동참해야 되겠다고 생각했죠. 그러고 나서 한 달인가 더 있다가 내려오긴 했는데 그 사이에 2주나 뉴스 진행을 못 했어요. 첫 주는 자다가 침대에서 굴러 떨어져 (눈가를 가리키며) 여기 찢어져서 꿰매느라고, 두 번째 주는 화주를 먹고 목이 데어서….(웃음) 그랬더니 너, 일부러 방송 안 하려고 자해하러 다니는 것 아니냐고….(웃음)”그래도 앵커 자리를 내려놓고 파업 참여를 결단하기가 쉽지 않았을 텐데….“앵커라는 걸 또 1년 반 정도 했는데, 주말 뉴스 연성화 지적을 많이 하잖아요. 나 스스로도 그걸 알아요. 중요한 현안이 있어서 정리해줄 필요가 있을 것 같은 아이템도 안 다뤄요. 편집회의 때 짧게라도 리포트해야 되는 것 아니냐고 하면 말만 하다가 끝나는 거예요. 결국 그런 아이템이 딴 데는 나가고 우리만 안 나가는….”원칙적으로 앵커는 (뉴스 선택이나 구성의) 권한이 없는 건가요.“교과서에서 배우는 미국식 앵커라고 하면 다 하는 것 같지만 그런 경우는 잘 없어요. 편집이나 아이템 부분은 국장하고 담당 데스크들이 모여서 하는 거니까 나는 의견 정도로 말하는 거죠. 내가 거기서 악악대면 서로 얼굴 붉히게 되잖아요. 일주일에 이틀 하는데 좋은 게 좋은 것 아닌가, 뭐 그러면서 살아왔던 거죠. 그런 게 내가 파업에 참여한 이유였어요. 선배로서, 부국장으로서, 주말 앵커로서 조금 더 논의과정에 치열하게 참여하지 못한 데 대한 반성, 그런 우리 보도국 집행부를 보는 후배들의 차가운 인식, 그리고 선배가 (MBC를) 지켜달라고 바라보는 듯한 그들의 눈, 이런 걸 외면할 수 없었던 거죠.”지난 6월 4일 광화문 1인시위를 하면서 어떤 생각을 했습니까.“기자라는 게 맨 남 억울한 것, 안 좋은 것, 이런 거 취재하러 다녔지 스스로 취재원이 돼본다는 생각을 안 하잖아요. 거기 서니까 야, 세상에는 말도 못하고 자기 속내도 못 털어놓고 억울하게 사는 사람이 많겠구나 하는 생각이 들더라고요. 거기 MBC 기자만이 아니라 시민단체에서 나온 사람과 산재 피해자도 피케팅을 하고 있었어요. 심정이 착잡하더라고요.”그는 그 자리에 세 번 섰다고 한다. 1980년 5월 ‘서울의 봄’에 경희대에서 스크럼을 짜고 광화문에 진출해 시위를 벌였다. 1987년 6월항쟁 때는 중부경찰서 출입기자로서 마스크를 쓰고 광화문 시위현장을 취재했다.“50이 넘어서 또 이 자리에 와서 시위를 하면서 이 나라, 참 한심한 나라라는 생각이 들었어요. 도대체 언제까지 이러고 있을 거냐고. 1980년 대학교 다닐 때부터 지금까지 변한 게 없는 거야. 절차적 민주주의 발전만 있었지 실질적 민주주의는 오히려 후퇴하고 있는 것 아니냐고요. 지랄탄만 안 쏠 뿐이지 1987년 상황으로 돌아가는 것 같아요.”그러고 보니 참 기구하다. 1987년 6월항쟁 당시 최 기자가 탄 MBC 취재차량이 시위대에게 공격당한 적 있다. 이날 그는 ‘평온해진 명동’이라는 기사를 리포트하라는 데스크의 지시를 받는다. 도저히 참을 수 없었던 현장기자 몇 명이 모여 성명서를 내고 제작거부에 들어간 것이 6·29선언 후 MBC 보도국에 방송민주화추진협의회가 만들어지는 단초가 됐다. 지금의 MBC 노동조합은 이것이 모태가 돼서 그해 11월에 결성됐다.그렇게 해서 노조가 만들어지고 나중에 노조 부위원장도 하고 지금 부국장이 돼서도 파업을 하고 있으니….(웃음) 굴곡 많았던 MBC 역사에서 이번 파업사태가 특별히 다른 점은 어떤 걸까요.“시간이 지날수록 파업의 대오가 단단해지고 있다는 거죠. 아까도 얘기했지만 처음에는 공정 대 비공정으로 출발을 한 것이고 그 기조는 지금도 유지가 되고 있지만, 때만 되면 회사 쪽에서 기름을 부어주기 때문이에요. 느슨해질 때면 정직 때려주지, 누구 해고시켜주지, 대기발령 내지…. 양심과 비양심이라는 또 하나의 전선을 만든 거예요. 이 파업이 언젠가 끝나겠지만 끝나고 나서도 조직이 어떻게 잘 갈지…. 과거에는 파업을 끝내고 동참하지 않은 사람과 벽을 만들지 말자는 얘기를 많이 했어요. 이번 경우는 후배들한테 그런 얘기조차도 못 하거든요. 시용 기자와 계약직 기자, 이 사람들 처리는 또 어떻게 할 거냐고요. 큰일입니다. 파업이 끝나야 고민할 문제지만 그런 뒤처리 부분도 다른 때 파업하고 다른 점입니다.”지금으로서는 회사와 노조가 치킨게임을 벌이는 형국입니다. 문제를 어디서부터 어떻게 풀어야 할까요.“MBC라는 회사는 국가 자산을 쓰는 공중파 방송이기 때문에 공영방송이고 국민이 주인입니다. 현재로서는 내부에서 풀 수 있는 방법이 없기 때문에 주인인 국민이 풀어줄 수밖에 없다고 저는 봅니다. 다시 말하면 국민을 대변할 수 있는 정치권에서 풀어줘야 한다는 거죠. 정치권에 기대는 것 자체가 정치파업이라는 걸 말해준다고 얘기한다면 저도 할 말이 없어요. 그러나 언제까지나 국민의 자산을 팽개쳐놓고 있을 거냐고요. 정치파업이라는 소리를 듣더라도 상황이 이렇게 돼버렸습니다. 하루 빨리 국회를 열어서 정치권이 해결해줬으면 하는 게 개인적인 바람입니다.”시청자에게는 어떤 말을 하고 싶습니까.“너무 죄송한 거죠. 하루 한 시라도 빨리 정상화돼서 진짜로 제대로 된 뉴스데스크를 만들어 보여드리고 싶은 게 저희 보도국 기자들의 생각이죠. PD들은 더 분발해서 예능이나 교양 부분에서 더 좋은 콘텐츠를 만들려고 할 것이고요. 시청자분들께서 기왕 이렇게 된 거니까 조금만 기다려주시면 저희가 정상화되는 대로 복귀를 해서 제대로 된 방송 콘텐츠를 만들어서 송출하도록 노력을 하겠습니다.”독특한 뉴스 진행으로 ‘최일구 방식’ ‘최일구 효과’ ‘최일구 어록’과 같은 신조어를 탄생시키기도 했는데, 그런 방식과 어록이 어디서 나왔나요.“앵커 멘트를 쓰면서 세 가지 정도의 콘셉트를 나름대로 정했어요. 신문은 문어체고 방송은 구어체라고 하지만 정작 뉴스 진행자가 시청자와 말하듯이 하는 사람은 없는 거예요. 전부 ‘~했습니다’라고 군대식으로 딱딱하게 한다는 생각이 들었던 거죠. 우리가 친구건 아버지건 제자건 말할 때 그렇게 하지 않잖아요. 그래서 ‘요’자도 넣어보고 대화하듯이, 시청자가 카메라 뒤에 바로 앉아 있다는 그런 개념이죠.”두 번째는 뉴스가 팩트를 전하는 것이지만 수용자 입장에 따라 받아들이는 감정이 다르다는 데 착안한 것이다. 이를테면 정치적 색깔이나 지역적 정서에 따라 같은 뉴스라도 다르게 느낄 수 있다. 하지만 그런 뉴스만 있는 게 아니다. 미담 기사, 선행 기사, 재미있는 뉴스, 황당한 뉴스도 있다. 첨예한 정치적 이슈 말고 마지막 부분의 이런 한두 개 뉴스는 시청자와 공감할 수 있는 멘트를 해보고 싶었다는 게 그의 말이다.“세 번째는 유머를 써보자는 것이죠. 대한민국 헌법에 뉴스 진행자는 유머나 개그를 하면 안 된다는 조항은 없잖아요. 요즘 인터넷 시대에 방송 뉴스는 사실 다 아는 거잖아요. 인터넷에 더 먼저 나니까. 재미있게 해도 전혀 지장이 없는, 한두 개 정도는 유머를 써보자, 이런 거죠.”그런 최일구식 유머의 출처가 어딥니까.“편의점 같은 데 가면 5000원짜리 유머 내비게이션, 이런 거 팔아요. 그런 거 평소에 보고 기억을 해놓는 거요. 작년에 가수 ‘비’가 군대를 간다는 거야. 유머 책에서 읽은 게 기억이 났어요. ‘비가 LA에 공연하러 간다’를 네 글자로 줄이면 LA갈비래.(웃음) 비의 매니저 이름을 네 글자로 줄이면 비만관리. 뭐 이런 게 있었어요. 어? 비가 군대 가? LA갈비가 아니고 군대갈비네? 이런 멘트를 생각해내서 했었죠. 그런 거야 부드럽게 또는 재미있게 한다고 해서 여·야가 엇갈리는 사안도 아닌 거잖아요. 어떤 정치적 현안이 있는데 거기다 대고 그랬다가는 큰일나는 거죠,”최 기자는 중학교 시절부터 소망했던 기자의 꿈을 MBC에 입사하면서 이뤘다. 방송기자로서 당연히 꿈꾸는 앵커의 꿈도 이뤘다. 이루어진 꿈은 더 이상 꿈이 아니다. 그는 지금 어떤 새로운 꿈을 꾸고 있는지 궁금했다.기자와 앵커를 하면서 사회적으로도 유명인이 됐는데 앞으로 어떤 선택을 하게 될 것 같습니까.“아, 꿈 얘기군요. 나보고 정치할 생각 없냐고 많이 얘기하는데 그건 정말 생각 없어요. ‘로케트를 녹여라’는 내 자작곡이 있어요. 은퇴 후에 가수가 돼서 싱글 음반을 내고 공연도 하고 싶어요. 못 쓰는 글이지만 열심히 책도 읽고 해서 백발이 됐을 때 신인 작가로 살고 싶고요. 그게 내 새로운 꿈이죠.”<신동호 기자 hudy@kyunghyang.com>경향신문 ‘오늘의 핫뉴스’▶ 어린이집 “댁의 아이가 산만해서…”, 분통▶ ‘국민 경선’, 박근혜가 가장 우려하는 건…▶ “아내 외박, 너 때문에…” 이웃주부 살해한 30대 남성▶ 北, '박근혜의 방북때 발언' 공개 위협▶ [단독] “논이 늪으로” 4대강…농민 통곡, 기절모바일 경향[경향 뉴스진(News Zine) 출시!]| 공식 SNS 계정[경향 트위터][미투데이][페이스북][세상과 경향의 소통 Khross]- ⓒ 경향신문(www.khan.co.kr), 무단전재 및 재배포 금지〈경향신문은 한국온라인신문협회(www.kona.or.kr)의 디지털뉴스이용규칙에 따른 저작권을 행사합니다.〉"
19,2012-06-17,맛 없어도 가격만 싸면 '착한 밥집'?,https://news.naver.com/main/read.nhn?mode=LSD&mid=shm&sid1=103&oid=047&aid=0002002507,오마이뉴스,"[오마이뉴스 박소희 기자]""이 집을 찾는 첫 번째 이유요? 값이 싸잖아요. 주변에 있는 다른 칼국수집들은 6000원정도 받는데 여긴 2000원밖에 안 하고. 맛에도 만족해요.""15일 낮 12시를 조금 넘긴 시각, 서울시 양천구의 ㄱ식당에서 어머니 정춘옥씨(83)와 점심을 들고 나오는 서경희씨(60·주부·서울시 양천구 신정동)를 만났다.사장 부부가 단둘이 운영하는 이곳은 지난해 11월 행안부가 정한 '착한가격업소'다. 면을 직접 만들고, 주문부터 음식을 나르고 빈 그릇을 치우는 일까지 모두 손님이 담당하게 해 '맛'과 '가격' 두 마리 토끼를 잡았다. 일주일에 두 세 번은 온다는 조용순씨(68·미화원·서울시 양천구 목동)는 ""잔치국수도 3천 원씩 하는데, 조선팔도에 이렇게 (가격이) 싼 집도 없다""고 했다.▲13일 행정안전부가 발표한 '착한가격업소' 두 곳을 찾았다. ㄱ식당의 2000원짜리 칼국수는 손님들의 호평을 받았고, 4500원 받는 ㄴ식당 돈까스는 '무엇이 착한 건지' 모르겠다는 반응이 돌아왔다. '왕돈까스' 중 작은 덩어리는 아이폰보다 조금 컸다.ⓒ 박소희이틀 전 행정안전부는 다른 곳보다 낮은 가격에 서비스를 제공하고 봉사활동 등으로 지역사회에 기여하는 '착한가격업소'를 발표했다. 착한가격업소는 주변보다 값은 저렴해도 서비스의 질이 떨어지지 않는 곳이다. 시·군·구 단위에서 음식점과 이·미용실, 숙박, 기타서비스 업소를 대상으로 신청을 받고, 현지 실사·평가를 거쳐 선정한다.착한가격업소로 선정된 곳은 은행 대출시 금리·수수료 감면, 중소기업청의 소상공인 정책자금 대출 우선권·컨설팅 비용 지원 등 여러 혜택을 누린다. 행안부는 지난해 11월 1차로 2497개 업소를 선정했고, 올해 2~4월 1만여개 업소의 신청을 받아 총 7132개를 올해의 착한가격업소로 정했다. 이 가운데 2301개 업소는 ㄱ식당처럼 재심사를 통과한 곳이다.맛·가격 평범한 돈까스집도 '착한가격업소'?하지만 '착한가격업소' 모두가 착하지는 않다. 지난 13일 행안부 '지방물가정보 공개서비스' 홈페이지에서 <오마이뉴스> 본사와 가까운 착한가격업소를 찾아 방문했다. 10분쯤 걸어서 찾아가야 하는 ㄴ식당이었다. 홈페이지에서 '업소자랑거리'라고 알려준 '국내산 등심을 8시간 이상 재워 만든 돈까스'를 주문했다.바삭하게 잘 튀겨진 수제돈까스의 가격은 4500원이었다. 맛은 평범했다. '왕돈까스'였지만, 돈까스 두 덩이를 합쳐야 컵라면 '왕**'보다 조금 컸다. 함께 밥을 먹은 동료는 ""맛이나 가격을 비교해볼 때 더 만족할 수 있는 곳도 주변에 많아 굳이 여기까지 올 필요는 없어 보인다""고 했다. ""품질이 좋고 가격도 싸야 소비자가 (착한가격업소에) 감동받는 것 아니냐""는 말도 남겼다.행안부에 따르면, 착한가격업소 선정하는 첫 번째 기준은 역시 가격(60점 만점)이다. 여기에 업소 청결도·친절도 같은 서비스 점수(20점)와 옥외가격표시제·원산지표시제 이행상태를 반영하는 공공성 점수(20점)가 더해진다.하지만 소비자는 착한가격업소의 가격 정보와 대표 품목 정도만 알 수 있다. 물론 서비스의 질이나 위생상태 등이 평가항목이지만, 가격만 알고 착한가격업소를 찾기에는 정보가 부족하다. 특히 서비스업종은 사람마다 만족도가 다를 확률이 높은 분야다. 가격이 착해도 소비자는 서비스의 질에 실망하는 경우가 나타날 수 있다.'착한 가격'의 기준 역시 모호하다. 동료와 함께 갔던 ㄴ식당과 비슷한 돈까스를 주변 분식집에서는 5000원에 팔고 있었다. 그는 ""생선구이 정식을 4500원에 먹을 수 있는 근처 음식점을 알고 있다""며 ""(ㄴ식당의) 가격이 저렴한지 모르겠다""고 했다.품질 정보는 없고 '착한 가격' 기준은 모호... 전문가들 ""제도 보완 필요""이 사업을 총괄하는 14일 행안부 지역경제과에 '착한 가격'의 뜻을 물었다. ""가령 어느 지역 식당들이 된장찌개를 6000원씩 받는데, 한 집은 5000원씩 받는 것처럼, 주변 평균가격보다 값이 1000원 이상 저렴한 것""이라는 답변이 돌아왔다. '시세의 몇%'라든가 '원가의 몇 %만 이윤으로 남기는 곳' 같은 기준은 없었다.▲행정안전부가 운영하는 '지방물가정보 공개서비스(http://www.mulga.go.kr)' 홈페이지에 나온 착한가격업소 지정절차.ⓒ 박소희전문가들은 '착한가격업소를 지정해 소비자 물가를 안정화하겠다'는 행안부의 취지는 긍정적으로 평가하면서도 내용에는 아쉬워했다.배순영 한국소비자원 정책개발팀 팀장은 ""취지는 좋지만, 공산품이 아닌 '서비스'이기 때문에 같은 가격에도 품질이 다르다""며 ""값이 싸다고 해서 소비자가 발품 팔아 갔더니 서비스의 질은 별로인 상황이 있을 수 있다""고 지적했다. 이 때문에 ""정부가 가격 정보를 소비자에게 제공하기 보다는 소비자들이 직접 좋은 식당이나 미용실을 추천하도록 해야 낮은 가격이 품질 정보를 왜곡하지 않을 것""이라며 배 팀장은 인기투표 방식을 제안했다.정윤경 한국소비생활연구원 사무국장 역시 ""(착한가격업소 선정은) 소비자의 알 권리를 충족하고, 동시에 업소들이 착한 가격으로 소비자의 선택을 받게 되면, 주변 상권에도 영향을 줄 수 있다""며 ""가격안정화 효과가 있을 것""이라고 평가했다. 하지만 ""업소들의 참여를 이끌어낼 요소가 부족하다""며 ""지방자치단체가 착한가격업소에 쓰레기봉투를 제공하거나 상하수도 요금 감면 혜택 등을 주고 있지만 다른 방안을 더 생각해봐야 한다""고 했다.한편 행안부는 착한가격업소 선정 효과 등을 파악하기 위해 설문조사를 진행할 계획이다. 행안부 지역경제과는 14일 <오마이뉴스>와 통화에서 ""착한가격업소들이 실제로 지역 상권에 어떤 영향을 줬는지, 선정된 업소들의 매출에는 변화가 있었는지 등을 물어볼 것""이며 ""전수조사를 할지 일부 업체만 조사할지 등 구체적인 방법은 아직 정해지지 않았다""고 밝혔다.[최근 주요기사]☞ '무단 냉면 회식죄'들어보셨나요?☞ 처음 가본 북한... 숨이나 제대로 쉴 수 있을까☞ ""거대 공룡 넥슨의 출현은 게임업계의 재앙""☞ 현병철 위원장님, 참 염치도 없으시네요☞ '원조 종북' 박정희의 호소, 놀랍습니다오마이뉴스 아이폰 앱 출시! 지금 다운받으세요.이 기사는 언론사에서생활섹션으로 분류했습니다.기사 섹션 분류 안내기사의 섹션 정보는 해당 언론사의 분류를 따르고 있습니다. 언론사는 개별 기사를 2개 이상 섹션으로 중복 분류할 수 있습니다.닫기좋아요0훈훈해요0슬퍼요0화나요0후속기사 원해요0이 기사를 추천합니다안내보내기오마이뉴스 기사제공오마이뉴스 기사목록인쇄스크랩<여수엑스포> 가수 비 ""여수 밤바다 정말 낭만적""과목별 선생님 옷 스타일, “우리 학교인가?”포토맛 없어도 가격만 싸면 '착한 밥집'?포토[쿠키 포토] 어린이 충치 치료 ‘빠를수록 좋아요!’포토아프리카 세네갈 ‘딸기우유 색깔 호수’, 아름답지만 조심해야포토"
20,2012-06-17,"너희는 놀아라, 난 좀 쉴테니",https://news.naver.com/main/read.nhn?mode=LSD&mid=shm&sid1=102&oid=003&aid=0004557102,뉴시스,"【서울=뉴시스】전신 기자 = 무더운 날씨가 지속되는 16일 오후 서울 광화문광장 분수대에서 어린이들이 물놀이를 하며 더위를 식히고 있다.photo1006@newsis.com★ 손 안에서 보는 세상, 모바일 뉴시스<저작권자ⓒ 공감언론 뉴시스통신사. 무단전재-재배포 금지.>"
21,2012-06-17,세계 최초 나이아가라 폭포 외줄타기 성공,https://news.naver.com/main/read.nhn?mode=LSD&mid=shm&sid1=104&oid=052&aid=0000411668,YTN,"미국의 닉 왈렌다 씨가 세계 최초로 나이아가라 폭포를 외줄타기로 건너는 데 성공했습니다.왈렌다 씨는 현지시간으로 어젯밤 장대 하나에 의지해 나이아가라 폭포 위에 놓인 길이 196m 폭 5cm의 외줄을 30여분 만에 건너는데 성공했습니다.그는 미국에서 캐나다쪽으로 외줄을 타고 건넜으며 외줄타기에 성공한 후에 입국 목적을 묻는 캐나다 이민국 직원들에게 ""세상 사람들에게 영감을 불어넣으려고 왔다""고 말했습니다.과거에 나이아가라 강에서 외줄타기에 성공한 사람은 있었지만 나이아가라 폭포 바로 위에서 외줄타기에 성공한 것은 이번이 처음입니다.☞ [다운로드] 생방송과 뉴스속보를 한 눈에...YTN뉴스ON☞ YTN 긴급속보를 SMS로!☞ 스마트폰으로 즐기는 24시간 뉴스의 세계...YTN 어플리케이션[저작권자(c) YTN & Digital YTN. 무단 전재-재배포 금지]"
22,2012-06-17,"""그레이스, 고마워요!""…한인여성 죽음 추모 눈길",https://news.naver.com/main/read.nhn?mode=LSD&mid=shm&sid1=104&oid=055&aid=0000229780,SBS,"<앵커>미국 워싱턴의 흑인마을에서 강도를 당해 숨진 한인 여성을 지역주민들이 한마음으로 추모하고 있어 감동을 주고 있습니다.어떤 사연인지, 주영진 특파원이 취재했습니다.<기자>워싱턴 DC의 한 샌드위치 가게 앞.촛불과 꽃다발을 든 사람들이 삼삼오오 모여 있습니다.지난 8년 동안 가게를 지켜왔던 64살 임해순 씨가 이틀 전 강도의 총에 숨졌다는 소식을 듣고 찾아온 지역 주민들입니다.[그레이스, 사랑해요!]'고마워요, 그레이스.''떠났다는 게 믿기지 않아요.'가게 벽에는 추모의 쪽지가 빼곡히 붙어 있습니다.임 씨가 운영하는 가게는 워싱턴D.C의 흑인동네에 자리잡고 있습니다.이 곳을 찾아 임 씨를 추모하는 지역주민들의 모습에서 생전에 임 씨가 이 지역 주민들에게 베풀었던 따뜻한 마음을 느낄 수 있습니다.[브렌다 : 돈이 없다고 하면 그레이스(고 임해순 씨)는 웃으면서 그냥 줬어요. 범인이 잡히기를 기도하고 있습니다.]임 씨는 최근 수천 달러의 적자를 보면서도 주민들을 위해 새벽부터 가게 여는 것을 멈추지 않았습니다.[임도일/고 임해순 씨 아들 : 우리 어머니가 그렇게 다른 사람한테 잘해주는 것을 제가 몰랐어요. 사람들이 그냥 저한테 와서 (어머니가) 무척 좋은 사람이라고 (말했어요.)]가난한 이웃들을 마음 깊이 껴안았던 임 씨는 미국인들에게 아름다운 한국인으로 오래도록 기억될 것입니다.(영상취재 : 정현덕, 영상편집 : 오광하)주영진 기자bomnae@sbs.co.kr☞[SBS기자들의 생생한 취재현장 뒷이야기 '취재파일']☞ SBS뉴스 공식 SNS [SBS8News 트위터] [페이스북] [미투데이] [요즘]저작권자 SBS&SBS콘텐츠허브 무단복제-재배포 금지"
23,2012-06-17,여수 바다서 사상 최대 군함쇼…여명작전 재연,https://news.naver.com/main/read.nhn?mode=LSD&mid=shm&sid1=103&oid=055&aid=0000229786,SBS,"<앵커>엑스포가 열리고 있는 여수 앞바다에서 사상 최대의 군함쇼가 펼쳐졌습니다. 충무공의 후예, 우리 해군이 아덴만에서 해적을 진압한 여명작전도 재연됐습니다.KBC 박승현 기자입니다.<기자>국내 첫 이지스함인 세종대왕함을 선두로 우리 해군, 주력 함정 13척이 거친 물살을 가르며 힘차게 전진합니다.하늘에서는 바다의 불침번 해상초계기와 잠수함 킬러 링스헬기 편대가 지나갑니다.최신예 구축함인 이순신함을 비롯해 호위함과 초계함, 고속정 편대까지 한 치의 오차도 없이 일렬로 기동합니다.아시아 최대 상륙함인 독도함에서 해상 사열을 받은 엑스포 종사자와 시민 등 1500명은 격려의 박수를 아끼지 않았습니다.[강신애/시민 : 해군에 대해 평소에는 생각해 본 적 없었는데 실제로 보니 무척 든든하고 우리나라 잘 지켜주실 것 같아서 힘 납니다.]해상 사열에 이어 진행된 '아덴만 여명작전' 재연시범.손에 땀을 쥐게 하는, 1년 전 작전 당시의 긴박감이 그대로 느껴집니다.[석해균/전 삼호주얼리호 선장 : 새로운 생명으로 살 수 있도록 해준 우리 해군과 국민에게 감사드리고….]해군은 여수 엑스포장에서 함정 공개와 군악대 퍼레이드 등 해군의 날 행사를 내일(17일)까지 진행합니다.(영상취재 : 최복수(KBC))관/련/정/보◆ 북한 로켓의 발사와 폭발, 세종대왕함이 쫓았다☞[SBS기자들의 생생한 취재현장 뒷이야기 '취재파일']☞ SBS뉴스 공식 SNS [SBS8News 트위터] [페이스북] [미투데이] [요즘]저작권자 SBS&SBS콘텐츠허브 무단복제-재배포 금지"
24,2012-06-17,서울 아차산에 불...두시간 반만에 진화,https://news.naver.com/main/read.nhn?mode=LSD&mid=shm&sid1=102&oid=052&aid=0000411794,YTN,"오늘 오후 5시쯤 서울 중곡동 아차산 정상 부근에서 불이났습니다.불은 두 시간 반동안 계속 돼 임야 2천5백여 ㎡를 태웠지만 다행히 인명피해는 없었습니다.소방당국은 소방헬기 넉 대를 진화 작업에 투입했지만 불이 난 곳이 정상이라 접근이 어렵고, 바람까지 강하게 불어 불을 끄는데 어려움을 겪었습니다.최원석 [choiws8888@ytn.co.kr][관련기사]▶ 고속도로 달리던 화물차에 불...교통 정체▶ 오피스텔 지하 식당에서 불...2명 부상▶ 마네킹 제조 공장에 불...공장 2동 소실▶ 아이파크몰 사무실에 화재...100만 원 피해▶ 영암 한옥마을서 방화 추정 화재...1억 원 피해☞ [다운로드] 생방송과 뉴스속보를 한 눈에...YTN뉴스ON☞ YTN 긴급속보를 SMS로!☞ 스마트폰으로 즐기는 24시간 뉴스의 세계...YTN 어플리케이션[저작권자(c) YTN & Digital YTN. 무단 전재-재배포 금지]"
25,2012-06-17,"[건강핫트렌드] 커피, 발암물질? 항암물질?",https://news.naver.com/main/read.nhn?mode=LSD&mid=shm&sid1=103&oid=214&aid=0000208590,MBC,"[뉴스데스크]◀ＡＮＣ▶커피가 발암물질로 규정돼 있다는 사실, 알고 계셨는지 모르겠습니다.하지만 정반대로 커피가 암을 예방한다는 연구 결과들도 잇따라 나오고 있습니다.어느 주장이 더 맞을것 같습니까?나윤숙 의학전문기자가 자세히 알아봅니다.◀ＶＣＲ▶싱그럽게 익어가는 커피 열매, 빨간 열매를 손으로 꼭 누르면 새하얀 커피콩이 모습을 드러냅니다.뜨거운 불에 볶아지면서 커피 고유의 향과 빛깔이 더해집니다.◀ＩＮＴ▶ 임미란""저만의 분위기를 기대하는 것 같고요. 옛사랑을 생각하게 하는 것 같기도...""전 세계에서 가장 많이 즐겨 마시는 음료인 커피.하지만 커피에 대한 몸의 반응은 사람에 따라 천차만별입니다.건강한 20대 여성 두 명의 혈압과 심장박동수를 커피를 마시기 전 후로 나누어 측정해봤습니다.아무런 변화가 나타나지 않는 한 사람에 비해, 다른 한 명은 커피를 마신 후 20분이 지나자 혈압과 심장박동수가 눈에 띄게 상승합니다.◀ＩＮＴ▶ 이선아""심장이 막 빨리 뛰면서 손발이나 온몸이 전체적으로 많이 떨려서 땀도 나고.""암에 대한 반응도 마찬가지로 다양합니다.세계보건기구는 커피를 3단계 발암물질로 규정하고 있습니다.방광암을 일으킬 가능성을 배제할 수 없다는 이유 때문입니다.하지만 최근에는 커피가 암을 예방할 수 있다는 연구결과들이 속속 발표되고 있습니다.하루에 커피를 서너잔 마신다면, 대장암은 20%, 간암은 52%, 자궁내막암은 25%씩 각각 위험도가 감소했습니다.똑같이 커피를 먹어도 사람에 따라 암을 유발할 수도, 예방할 수도 있단 겁니다.◀ＩＮＴ▶ 손환철 교수/서울의대 보라매병원 비뇨기과""유전적인 원인들이 암 발생에 많은 부분을 차지합니다. 그게 결국은 개인차이가 되겠지요.""유전적인 차이는 곧 가족력을 의미합니다.가족 중에 암 환자가 있었는지, 있었다면 어떤 암에 걸렸는지에 따라 차이가 나는 겁니다.미국 국립암연구소가 발표한 결과에 따르면, 50세 이상 성인이 하루에 커피를 네다섯잔을 마셨을 때 사망 위험도는 12% 감소했습니다.하지만 여기에서도 암으로 인한 사망위험은 낮아지지도, 높아지지도 않았습니다.현대의학이 커피에 든 수천가지 성분들을 다 알아내 암과의 연관성을 결론내릴 때까지는 시간이 좀 더 필요해 보입니다.MBC뉴스 나윤숙입니다.(나윤숙 기자 28chris@naver.com)[저작권자(c) MBC (www.imnews.com) 무단복제-재배포 금지]"
26,2012-06-17,"문재인, 대선출마서 딱 한 번 ‘노무현’ 외친 까닭",https://news.naver.com/main/read.nhn?mode=LSD&mid=shm&sid1=100&oid=028&aid=0002146167,한겨레,"[한겨레]문재인은 누구?법대 재학중 학생시위로 제적‘녹화사업’ 끌려가 공수부대로시국·노동사건 주로 변론참여정부 5년 청와대서 보좌문재인 민주통합당 상임고문은 17일 대선출마를 선언하면서 노무현 전 대통령을 거의 언급하지 않았다. 노무현이라는 단어는 딱 한 번 등장한다. 김대중·노무현 전 대통령의 남북정상회담 성과를 이어가겠다는 대목이다. 노무현 전 대통령과의 만남이 운명이었듯이, 이제는 노무현 전 대통령을 극복해야 하는 것이 대선주자 문재인의 운명일 수 있다.문 고문은 1952년 경남 거제에서 출생했다. 그의 부모는 함경남도 흥남 사람들이다. 1950년 ‘흥남철수’ 때 거제도로 피난와서 그를 낳았다. 경남중·고를 졸업한 그는 재수를 해서 72년 경희대 법대에 진학했다. 75년 학생시위로 구속·제적됐고, 이른바 ‘녹화사업’으로 끌려간 공수부대에서 군대생활을 했다.그는 복학 뒤 80년 ‘서울의 봄’ 때 계엄포고령 위반으로 다시 구속됐지만 사법시험에 합격하는 바람에 풀려났다. 1982년 8월 사법연수원을 차석으로 졸업해 수료식에서 법무부 장관상을 받았으나 시위 전력으로 판사 임용이 안 됐다. 그는 사시 동기인 박정규 전 민정수석의 소개로 부산에서 노무현 변호사를 만났다. 그는 노무현 변호사와의 첫 만남에서 “나와 같은 세계에 속한 사람”이라는 느낌을 받았다. ‘변호사 노무현 문재인 합동법률사무소’를 차렸다. 87년 6월항쟁 때 민주헌법쟁취 국민운동본부(국본)가 서울보다 부산에서 먼저 결성됐는데, 부산국본의 상임집행위원장은 노무현, 상임집행위원은 문재인이었다.노무현 변호사는 88년 정계로 진출해 국회의원이 됐다. 문 고문은 계속 부산에 남아 변호사를 했다. 주로 시국사건, 노동사건 변론을 맡았다. 정치는 그의 길이 아니었다. 하지만 15년이 지난 2003년 1월 노무현 당선자는 그를 청와대로 불러들였다. 대통령 참모로 직업이 바뀐 것이다. 문 고문은 2004년 2월 민정수석에서 퇴임했다. 그러나 한 달 뒤 탄핵심판 대리인 자격으로 노 전 대통령 곁으로 돌아왔고, 5월부터 시민사회수석을 맡았다. 2005년 1월에는 또다시 민정수석을 맡아 2006년 5월까지 일했다. 그 뒤 정무특보로 한발짝 떨어져 있었지만, 2007년 3월 비서실장에 임명돼 노무현 전 대통령과 함께 퇴임했다. 결국 노무현 정권 5년 내내 청와대에서 일한 셈이다. 이 시절의 경험이 나중에 대통령 출마를 결심하는 데 큰 밑천이 되리라는 것을 그는 알지 못했다.노무현 전 대통령이 퇴임한 뒤, 문 고문은 ‘법무법인 부산’의 변호사로 돌아갔다. 평온한 듯했다. 아니었다. 운명의 끈은 질겼다. 그는 2009년 5월23일 부산대병원에서 노무현 전 대통령의 서거 사실을 공식 발표해야 했다. 마땅한 대선주자가 없는 야권의 현실은 그에게 정치인의 길을 ‘강요’했다. 그는 ‘혁신과 통합’을 이끌며 민주당과의 통합에 앞장섰고, 4·11 총선에서 국회의원이 됐다.  성한용 선임기자shy99@hani.co.kr[화보]시구하러 왔어요!<한겨레 인기기사>■‘단식 투쟁’ 이강택 언론노조 위원장 병원 후송■진보당의 정파싸움은 결국 권력욕 때문?■블리자드 결국 백기…‘디아블로3’ 환불키로■택시에서 분실한 스마트폰 어디로 갔나 했더니…■김포공항 옆 20년 간 숨겨진 비밀습지공식 SNS[통하니][트위터][미투데이]| 구독신청[한겨레신문][한겨레21]Copyrights ⓒ 한겨레신문사, 무단전재 및 재배포 금지<한겨레는 한국온라인신문협회(www.kona.or.kr)의 디지털뉴스이용규칙에 따른 저작권을 행사합니다.>"
27,2012-06-17,신월성 1호기 시험운전 중 또다시 발전정지,https://news.naver.com/main/read.nhn?mode=LSD&mid=shm&sid1=102&oid=003&aid=0004558393,뉴시스,"【경주=뉴시스】김재원 기자 = 시험 운전중인 신월성원전 1호기가 또다시 발전 정지됐다.한국수력원자력(주) 월성원자력본부는 ""시험 운전중이던 신월성 1호기가 17일 오전 10시18분께 주급수 펌프 정지시 발전소 저출력 유지 가능시험을 진행하던 중 터빈출력 연속감발신호가 지속되면서 터빈-발전기가 자동 정지됐다""며 ""상세한 원인 조사에 들어갔다""고 밝혔다.원전측은 ""이번 터빈-발전기 정지는 발전소의 안전성에는 영향이 없고 방사능 외부 누출과도 전혀 상관없다""며 ""원자로는 안정상태를 유지하고 있다""고 전했다.신월성 1호기는 지난 3월27일 시험운전 중 원자로 냉각재 펌프정지에 의해 원자로가 멈춰 정비를 거친 뒤 이달 10일 발전을 재개한 바 있어 안전성 논란에 불을 지필 것으로 우려된다.신월성 1호기는 당초 올 상반기 준공 예정이었다가 7월말로 연기됐으며 이번 발전 정지로 준공이 또다시 연기될 가능성이 제기되고 있다.신월성 1호기는 가압경수로형 100만kW급으로 준공을 앞두고 설비의 건전성과 안전성을 확인하는 시험운전을 실시하고 있다.jwkim@newsis.com[뉴시스 이시간 핫 뉴스]ㆍ [종합]문재인, 대선출마 선언…´상생·평화·공평·정의´ 키워드ㆍ 그리스 총선 결과 안갯속…결과 따라 유로존에 충격 줄 수도ㆍ 노키아 끝없는 추락…신용등급 또 강등ㆍ 인터넷 19000원하는 젖병, 백화점선 27000원?ㆍ ´가정 파탄 사냥꾼´ 방송에 네티즌 ""부실수사"" 비난★ 손 안에서 보는 세상, 모바일 뉴시스<저작권자ⓒ 공감언론 뉴시스통신사. 무단전재-재배포 금지.>"
28,2012-06-17,국가별행복지수 1·2위는 코스타리카·베트남,https://news.naver.com/main/read.nhn?mode=LSD&mid=shm&sid1=104&oid=001&aid=0005651314,연합뉴스,"英싱크탱크 조사, 한국 63위 美 105위…""경제력과는 무관""(하노이=연합뉴스) 김권용 특파원 = 중남미의 소국 코스타리카가 국가별 행복지수에서 1위를 차지했다.17일 영국 민간 싱크탱크 신경제재단(NEF)에 따르면 최근 전 세계 151개국을 대상으로 삶의 만족도와 기대수명, 환경오염 지표 등을 평가해 국가별 행복지수(HPI)를 산출한 결과 코스타리카가 총 64점으로 지난 2009년에 이어 연속 1위에 올랐다.이어 베트남이 60.4점으로 종전 조사보다 3단계 올라선 2위에 랭크됐으며, 다음으로 콜롬비아(59.8), 벨리즈(59.3), 엘살바도르(58.9) 등의 순으로 각각 파악됐다.전 세계 국내총생산(GDP) 1위인 미국은 거의 하위권인 105위에 그쳐 GDP 등 국가 경제순위와 HPI는 아무런 상관관계가 없는 것으로 나타났다.영국 40위(47.9), 프랑스 50위(46.5), 독일 46위(47.2) 등 주요 국가 HPI도 대부분 40위권에 그친 것으로 조사됐다.반면 HPI 상위 10위국이 모두 경제력이 취약한 베트남과 중남미 국가들로 채워졌다.아시아 지역에서는 베트남에 이어 방글라데시 11위(56.3), 인도네시아 14위(55.5), 태국 20위(53.5), 필리핀 24위(52.4), 인도 32위(50.9), 일본 45위(47.5) 등의 순이었으며, 한국은 43.8점으로 63위에 머물렀다.또 최근 고도성장으로 세계경제를 견인하고 있는 중국은 종전 20위에서 무려 40계단이나 추락한 60위로 밀려났다.HPI 최하위 3위는 카타르(25.2점)와 차드(24.7점), 보츠와나(22.6)으로 조사됐으며, 북한은 아예 조사대상에 포함되지 않았다.kky@yna.co.kr[이 시각 많이 본 기사]☞<아랍 판도 바꿀 이집트 대선 결선투표>☞KTV, 비·박효신 출연 여수엑스포 특별공연 방송☞워싱턴DC 60대女 한인업주, 강도 총격 사망☞<프로야구> 두산·롯데, 용덕한-김명성 트레이드☞김문수 ""새누리, 특정인 심기만 살펴""(종합)<연합뉴스 모바일앱 다운받기><포토 매거진><저작권자(c)연합뉴스. 무단전재-재배포금지.>"
29,2012-06-17,아차산에 산불…구리시까지 번져(상보),https://news.naver.com/main/read.nhn?mode=LSD&mid=shm&sid1=102&oid=079&aid=0002367475,노컷뉴스,"[CBS 조혜령 기자]17일 오후 5시 30분쯤 서울 광진구 아차산 긴고랑길 인근에서 산불이 발생했다.산불은 오후 6시 현재 경기 구리시까지 번졌다.소방당국은 헬기 3대와 소방차 16대, 소방 인령 70여명을 동원해 산불을 진화하고 있지만 접근이 어려운데다 바람까지 강하게 불어 진화에 어려움을 겪고 있다.tooderigirl@cbs.co.kr[네티즌 많이 본 기사]●한국女 잊지 못한 일본男 애절한 사랑 노래…●美 코카콜라, 아직까지 진출 못한 세 나라는?●""다문화·재혼 결혼식 손해라니까요""…대놓고 거부하는 이유●EADS ""한국에 유로파이터 공동생산 제안할 것 ""●세계 생활비 1위 도시 어딘가 했더니…도쿄, 서울은?(대한민국 중심언론 CBS  뉴스FM98.1 / 음악FM93.9 / TV CH 412)<저작권자 ⓒ CBS 노컷뉴스(www.nocutnews.co.kr) 무단전재 및 재배포 금지>스마트 뉴스앱의 최강자! 노컷뉴스 APP 다운로드 받기↓"
30,2012-06-17,"[단독] 공정위, 편의점 아이스크림 가격담합 혐의 포착",https://news.naver.com/main/read.nhn?mode=LSD&mid=shm&sid1=101&oid=366&aid=0000063690,조선비즈,"서울 광진구에 사는 한 모(20)씨는 최근 편의점에서 아이스크림을 사먹다 찜찜한 경험을 했다. 집 근처 할인마트에서 600원에 구입했던 콘 제품을 두배 이상 비싼 1500원을 내고 사야만 했기 때문이다. 한 씨는 “편의점에서 아이스크림을 살 때마다 동네 수퍼마켓에 비해 두배 이상 비싸서 손해보는 느낌이 들었다”고 말했다.17일 관련 당국과 빙과류 업계에 따르면 공정거래위원회는 이달 초 아이스크림 제조업체들에 대해 현장조사를 실시한 결과, 편의점 업체들의 가격담합 증거를 확보하고 조만간 법 위반 여부를 결론낼 계획인 것으로 알려졌다. 지난해 7월 공정위가 편의점들의 아이스크림 가격 담합 혐의에 대한 조사를 시작한지 1년만에 밝혀낸 것으로 편의점의 아이스크림 가격이 비싼 원인이 담합에 의한 것으로 판단한 것이다.한 제조업체 관계자는 “최근 공정위 조사를 받았다”면서 “편의점들의 가격담합 사실을 확인하기 위해서 조사가 실시된 것으로 안다”고 말했다.여름철 폭염이 기승을 부릴 때 인기를 끄는 아이스크림은 동네 수퍼마켓과 대형마트, 편의점이 모두 각기 다른 가격에 팔리고 있다. 편의점에서 판매하는 아이스크림이 가장 비싸고 대형마트, 동네수퍼 순서로 가격이 싼 편이다. 가격 할인폭이 동네수퍼, 대형마트 순서로 크고 편의점에서는 할인행사를 하지 않기 때문이다.조선비즈가 서울 시내 GS25, 세븐일레븐, 패밀리마트 등 편의점에서 롯데삼강의 구구콘 오리지널의 가격을 조사한 결과, 모두 개당 1500원에 판매됐다. 반면 인근 동네 수퍼마켓의 구구콘 가격은 600원이었다. 빙그레의 메로나도 편의점에서는 모두 1000원에 팔렸으나 동네수퍼에서는 350원에 살 수 있었다. 편의점에서 1000원 이상에 판매되는 롯데제과의 월드콘과 더블비안코는 동네수퍼에서 600원의 가격에 팔고 있었다.공정위는 빙과류 4개사의 현장조사에서 편의점 업체들이 이들 제조사들에게 특정 가격대에 아이스크림 납품을 하도록 요구한 증거를 확보한 것으로 전해졌다. ‘아이스크림 납품 희망 가격을 일정 가격 이상으로 맞춰서 제출하라’고 편의점 업체들이 요청한 사실이 확인됐다는 게 복수 관계자들의 전언이다.아이스크림 제조업체들이 편의점 별로 다른 가격에 물건을 공급해 편의점간 소비자가격이 달라질 수 있을 가능성을 사전에 막기 위한 것이었다. 같은 가격으로 편의점에 물건이 공급되면 편의점들은 합의한 가격대로 제품을 팔았다.공정위는 편의점 업체들의 이런 행위가 ‘다른 사업자로 하여금 경쟁을 제한하는 부당한 공동행위를 행하도록 해서는 안된다’는 공정거래법 19조 부당공동행위 관련 조항을 위반한 것으로 보고 있다. 공정위 관계자는 “계약 상의 우월한 지위를 이용해 납품 업체들로 하여금 담합 등의 부당 공동행위를 하도록 영향을 행사했다면 납품업체가 아니라 담합을 유발시킨 업체를 처벌하는 게 공정거래법의 법 취지”라고 설명했다.[정원석 기자lllp@chosun.com]조선비즈 핫 뉴스 Bestㆍ""日 안 그러는데 한국은 뒤에서 칼꽂아""ㆍ김정일 OK받고 외국인 첫 北 자동차여행ㆍ결혼시장 부동의 1위 듀오… 돈 펑펑 쓰다 결국ㆍ첫인상은 '평범' 탈수록 '진국' 2000만원대 이 차ㆍ세계 최고 '비만 나라' 미국…평균 몸무게 무려chosunbiz.com"
31,2012-06-17,與 최고위 산하서 경선룰논의..황우여-非朴 충돌-1,https://news.naver.com/main/read.nhn?mode=LSD&mid=shm&sid1=100&oid=001&aid=0005651259,연합뉴스,"황우여 ""내일 출범""..비박 3인 강력반대 입장 표명황우여, 이재오ㆍ임태희ㆍ김문수 연쇄회동..정몽준은 회동 거부(서울=연합뉴스) 김화영 기자 = 새누리당 황우여 대표와 대권도전을 선언한 비박(비박근혜) 주자들이 대선후보 경선관리 문제를 놓고 한치 양보도 없는 정면 충돌 양상을 보이고 있다.황 대표는 17일 취임 한 달을 맞아 가진 기자간담회에서 대선후보 경선룰을 논의하는 기구를 당 최고위원회 산하로 18일 출범시키겠다는 뜻을 밝혔다.그는 ""경선룰 논의기구는 내일 출범하느냐""는 질문에 ""아무래도 내일(18일)은 해야할 것 같다""며 ""최고위 산하에 두는 쪽이다. 당 밖에 둘 수는 없는 것 아니겠느냐""고 말했다.그러나 정몽준 전 대표, 김문수 지사, 이재오 의원 등 이른바 `비박주자 3인방'은 이 같은 입장이 박근혜 전 비대위원장의 의중을 반영한 것인 만큼 수용할 수 없다며 강력히 반발했다.경선룰을 고쳐 오픈프라이머리(완전국민경선제)를 도입하자고 요구해온 이들은 경선룰 논의기구를 최고위 산하가 아닌 별도기구로 설치해 경선룰과 시기를 변경하는 방안을 주장해왔다.황 대표는 이날 간담회에서 경선룰에 대해 주자간 합의가 이뤄지지 않은 상황에서 현재의 경선룰에 따라 절차를 진행할 수 밖에 없다는 입장을 밝혔다.황 대표는 ""당헌당규가 고쳐지기 전까지는 엄격하게 (현행) 당헌당규에 따라 (경선을) 진행할 수 밖에 없다""고 말했다.그는 ""경선룰을 고치자는 분들도 의견이 다 다르다""며 ""그들의 의견을 존중해 논의의 장을 마련하고 길지 않은 기간에 결론을 맺도록 조치하는 것은 당의 의무지만, `어떤 내용이든 고쳐질테니 현행 당헌당규를 무시하고 고쳐질 때까지 기다려보자'는 입장은 당을 관리하는 사람으로서는 어렵다""고 말했다.또 경선주자들이 예비후보로 먼저 등록해야 이들의 `대리인'을 경선룰 논의기구에 참여시킬 수 있다는 입장을 보였다.황 대표는 전날 이재오 의원을 만난데 이어 이날도 여의도 당사에서 임태희 전 대통령 실장과 `비박주자 3인방'의 한명인 김문수 경기지사와 연쇄회동을 갖고 경선룰 변경에 대한 의견을 수렴했으나 합의점을 도출하지는 못했다.정몽준 전 대표와의 만남은 정 전 대표가 ""따로 만날 필요가 없다""며 황 전 대표의 회동 제안을 거절하면서 일단 불발됐다.황 대표와 김 지사는 이날 오후 회동에서 ""정권재창출은 반드시 필요하며 이를 위해 당의 화합이 매우 중요하다""는데 공감했다고 김영우 당 대변인이 전했다.김 지사는 ""여야가 동시에 치르는 오픈프라이머리 실시를 위한 선거법 개정에 힘을 모으자""고 제안했고 황 대표는 ""존중한다""고 답했다.김 지사는 ""당내 경선룰 협의기구를 당대표 산하 직속기구로 설치해달라""고 제안했으며 이에 황 대표는 ""열린 마음으로 임하겠다""고 답변했다.오전에 있었던 황 대표와 임 전 실장의 면담에서는 정권재창출과 당의 단합을 바탕으로한 경선이 이뤄져야 한다는 인식이 공유된 것으로 전해졌다.임 전 실장은 대의원과 당원 선거인단을 50만명으로 확대하고, 1위와 2위 후보자에 대한 결선투표를 도입하는 내용의 새로운 경선 방식을 제안했다.황 대표와 정몽준 전 대표는 전화통화에도 불구하고 면담이 이뤄지지 못했다.황 대표는 전날 전화통화에서 정 전 대표에게 면담을 제안하면서 경선 예비후보등록을 해줄 것을 요청했으나, 정 전 대표는 이날 기자회견에서 ""저는 황 대표를 따로 만날 필요가 없다고 말씀드렸다. 지난번 (제 입장을) 충분히 말씀드렸다""고 말했다.예비후보등록 요구에 대해서도 그는 ""하든 안하든 후보 본인이 판단할 사안""이라고 냉담한 반응을 보였다.친박(친박근혜)계인 윤상현 의원은 비박 진영의 오픈프라이머리 요구를 강도높게 비판했다.윤 의원은 기자회견에서 ""오픈프라이머리를 하려면 작년, 재작년부터 논의하고 제도적 보완을 위한 공청회나 토론을 했어야 하는데 총선이 끝나자마자 말하는 것은 정치공학적 시도로 진정성이 없어 보인다""면서 ""안철수 지지자들이 새누리당 오픈프라이머리에 들어와 역선택할 가능성이 크다""고 말했다.그는 오픈프라이머리가 정당정치 원칙에 어긋난다며 ""새누리당 당원들이 주인이 아니라 객(客)이 될 가능성이 농후하다. 전당대회가 아니라 전국민대회""라면서 ""대통령 선거를 두번 치르는 격""이라고 말했다.quintet@yna.co.kr[이 시각 많이 본 기사]☞<아랍 판도 바꿀 이집트 대선 결선투표>☞<여수엑스포> 가수 비 ""여수 밤바다 정말 낭만적""☞워싱턴DC 60대女 한인업주, 강도 총격 사망☞<프로야구> 두산·롯데, 용덕한-김명성 트레이드☞황우여, 17일 김문수ㆍ이재오 연쇄회동 경선룰 논의<연합뉴스 모바일앱 다운받기><포토 매거진><저작권자(c)연합뉴스. 무단전재-재배포금지.>"
32,2012-06-17,"잠자다 일어나 화장실 가는 당신, 혹시..",https://news.naver.com/main/read.nhn?mode=LSD&mid=shm&sid1=103&oid=014&aid=0002668411,파이낸셜뉴스,"나이가 들수록 자다가 소변을 보는 야간뇨 환자 비율이 높아진다. 하지만 보통 노화증상이라고 생각하고 그냥 넘어가기 쉽다.대한배뇨장애요실금학회 이규성 회장(삼성서울병원 비뇨기과)은 17일 ""야간뇨는 40대 이상의 남성들에게 고루 나타나는 흔한 배뇨장애 증상이지만 대부분 치료의 필요성을 인지하지 못하고 그대로 방치하는 경우가 많다""고 말했다.그는 ""야간뇨는 심각한 건강 문제와 삶의 질 하락을 야기할 수 있으므로 증상이 반복된다면 가까운 비뇨기과 전문의를 찾아 배뇨건강을 체크하고 전문적인 치료를 받는 것이 좋다""고 말했다.■40세 이상 남성 10명 중 7명 야간뇨 증상특히 40세 이상 남성의 절반에 해당하는 65%는 야간뇨 증상이 있고 이로 인해 신체적 정서적으로 삶의 위협을 받고 있는 것으로 조사됐다. 대한비뇨기과학회와 대한배뇨장애요실금학회는 40세 이상 성인 남성 1842명을 대상으로 야간뇨 증상을 조사한 결과 40대 57.3%, 50대 64.5%, 60대 77.8%로 연령이 높을수록 유병률이 높아지는 것으로 드러났다.그러나 대부분의 환자가 야간뇨를 자연스러운 노화 증상으로 인식해 적절한 치료를 받지 않는 것으로 나타났다. 조사에 따르면 환자 중 약 75%가 전문가를 방문해 상담을 한 적이 없다고 대답했다. 그 이유로는 '야간뇨를 노화와 같은 자연적인 현상으로 생각했다'는 응답이 약 63%로 가장 많았고 '치료가 필요한 증상이라는 사실을 몰라서'라고 답한 환자도 16%나 됐다.■야간뇨, 삶의 질 하락에 영향야간뇨는 배뇨장애에서 가장 흔하게 나타나는 증상으로 수면 중 1회 이상 깨어 소변을 보는 것을 말한다.주로 전립선비대증, 과민성방광, 전립선염 등이 3대 원인질환으로 나타난다. 방치할 경우 건강에 영향을 미칠 수 있다.조사에 따르면 야간뇨 환자 중 절반이 넘는 56.1%가 충분한 양의 수면을 취하는 데 방해가 된다고 답했고 통증이나 불편 등으로 고통받는 환자도 31.9%나 됐다. 특히 야간뇨 환자에서 우울증 환자 비율이 17.8%로 정상인의 8.1%에 비해 두 배 넘게 나타났다. 40대에서는 정상인보다 3배, 50대에서는 2배 넘는 유병률을 보였다. 또 야간뇨로 인해 환자의 46%가 직장생활, 20.1%가 일상생활에 지장을 받는다고 답했다. 야간뇨는 성생활 빈도 및 만족도에도 영향을 미쳐 성생활을 활발히 하는 환자가 45.7%로 절반도 채 되지 못했다. 또 환자 2명 중 1명 정도가 경증 이상의 발기부전까지 경험한 것으로 조사됐다. 야간뇨 환자들은 골절 위험에도 쉽게 노출됐다. 지난 1년간 1회 이상 골절을 겪은 환자 비율은 6.1%로 정상인의 3.6%보다 2배가량 높았다.야간뇨 환자는 만성질환에도 쉽게 노출된다. 대표적 만성질환인 당뇨병의 경우 환자는 15.4%, 정상인은 11.1%가 동반된 것으로 나타났으며 고혈압 또한 각각 39.1%, 26.9%로 정상인에 비해 높은 수치를 보였다.■일상생활에 불편 느끼면 치료해야야간뇨 환자들은 △평소 배뇨증상이 잦고 자주 잠에서 깨 배뇨 욕구를 느끼거나 △야간뇨 증상이 장기간 지속될 때 △자기 전 수분 섭취를 자제했는데도 야간뇨 증상이 멈추지 않을 때 △야간뇨로 인해 수면에 방해를 받고 일상생활에 불편함을 느끼는 증상이 지속되면 치료를 받아야 한다.환자가 병원을 찾으면 감염 여부를 파악하는 소변검사, 전립선 및 방광 등의 건강을 체크하는 초음파 검사 등이 진행된다. 치료는 원인질환에 따른 약물·수술 요법 등이 진행되며 수분섭취량 조절 등 생활습관 개선도 함께 이뤄진다. 고려대 안산병원 비뇨기과 배재현 교수는 ""야간뇨는 질환이 아닌 증상이므로 수면 중 화장실을 간다 하더라도 정상적인 배뇨현상일 수 있다""며 ""하지만 해당 증상이 오래 지속되거나 불편함이 있다면 상담을 받아야 한다""고 조언했다.pompom@fnnews.com 정명진 의학전문기자■ 오늘의 핫뉴스▶ 살인마 오원춘의 ‘인육 의혹’ 재판부도 인정▶ 女학생 “남친과 데이트 비용 불만” 왜?▶ [파이낸셜뉴스 창간 12주년 이벤트]손글씨 쓰고 상품 받자▶ 엘리베이터서 男女가 뒤돌아 서더니..‘난감’▶ 초혼 남녀가 원하는 배우자 나이는?※ 저작권자 ⓒ파이낸셜뉴스. 무단 전재-재배포 금지"
33,2012-06-17,"權국토 ""분양가상한제 폐지 추진""",https://news.naver.com/main/read.nhn?mode=LSD&mid=shm&sid1=101&oid=008&aid=0002859363,머니투데이,"[머니투데이 전병윤 기자][""일부 예외 적용한 새 법안 제출할 것… DTI 완화는 신중해야""]""분양가 상한제는 일부를 제외하고 모두 폐지하는 방안을 추진 중이다.""권도엽 국토해양부 장관은 지난 16일 출입기자들과 가진 북한산 등반 행사에서 이같이 밝혔다.권 장관은 ""분양가 상한제는 원칙적으로 폐지하되 특별한 경우만 예외를 적용하는 쪽으로 새 법안을 내려고 한다""며 ""기존 안에 변화를 약간 줄 수도 있다""고 말했다.권 장관은 지난 13일 서울 우면동 서초보금자리지구 아파트 공사 현장을 방문했을 때도 ""새로운 주택 상품이 시장에서 먹히려면 지금처럼 가격에 제한을 두는 분양가 상한제 같은 제도가 하루 빨리 없어져야 한다""며 폐지론을 거듭 강조한 바 있다.국토부는 이러한 내용을 담은 분양가 상한제 개선을 위한 주택법 개정안을 발표할 예정이다. 분양가 상한제는 표준건축비에 택지비를 더해 아파트 분양가격을 정하는 제도로 지난 1977년 처음 도입된 후 1999년 전면 폐지됐다 2005년 참여정부에서 부동산가격 급등을 막기 위해 다시 부활시켰다.이명박 정부는 부동산시장 활성화를 위해 2009년 2월 분양가 상한제 폐지 법안을 국회에 상정했지만 3년 넘게 표류해 오고 있다.지난 18대 국회에서도 반대가 강했던 만큼 공공성이 강한 공공택지에 조성되는 일부 아파트를 제외하고 분양가 상한제 적용을 폐지하는 방안 등이 담길 것으로 보인다.권 장관은 부동산시장이 언제 활성화 될지를 묻는 질문에 ""분양가 상한제 폐지, 다주택자 양도세 중과 폐지, 재건축 초과이익환수 완화 등 정부에서 추진한 제도를 국회에서 (입법과정을 통해)빨리 보완해주면 나아질 것""이라고 말했다.DTI(총부채상환비율) 완화에 대해선 신중한 입장을 유지했다. 그는 ""우리나라의 가계부채 문제는 심각한 수준""이라며 ""정부로서는 가계부채 문제 등 거시경제 전반을 보면서 정책결정을 할 수밖에 없다""고 설명했다. 현재로선 주택구입 대출 여력을 늘리는 DTI를 완화하면 자칫 심각한 가계부채를 가중시킬 수 있는 만큼 신중하게 접근해야 한다는 기존 입장을 재확인한 셈이다.권 장관은 ""올해 해외건설 수주 목표가 글로벌 경기 침체 영향으로 플랜트 발주 등이 지연되면서 영향을 받고 있어 걱정""이라며 ""모니터링하고 있다""고 말했다.해양산업을 강화해 나가겠다는 의지도 밝혔다. 권 장관은 ""앞으로 해양주권 차원에서라도 해양산업을 육성하고 인력창출을 확대해야 나가야 한다""며 ""특히 여수엑스포는 우리가 해양강국으로 나가는 데 발판이자 기회로 삼아야 한다""고 강조했다.한편 권도엽 장관은 이날 기자단 및 국토부 직원 등 50여 명과 함께 북한산 서암문-원효암-원효봉-북문-상운사로 이어지는 코스를 등반했다. 조계종 북한산 상운사에 도착한 뒤 대웅전에 들러 참배를 올렸다.[핫이슈]숨은 진주를 찾아라 ""생활속 주식""[내손안의 스마트한 경제정보, 머니투데이 뉴스가판대][관련 키워드]권도엽|국토해양부|분양가상한제|DTI[관련기사]☞權국토장관, 일일 막노동 ""건설현장이 지식산업""☞국토부, 코레일 예산감축 예고…길들이기 2탄?☞權국토장관 ""거래세 폐지는 세수감소로 어려워""전병윤기자 byjeon@<저작권자 ⓒ '돈이 보이는 리얼타임 뉴스' 머니투데이, 무단전재 및 재배포 금지>"
34,2012-06-17,그리스 2차총선 투표 순조롭게 진행,https://news.naver.com/main/read.nhn?mode=LSD&mid=shm&sid1=104&oid=001&aid=0005651255,연합뉴스,"각국 외신기자 몰려 뜨거운 관심 반영방송사들 출구 조사 방송 계획(아테네=연합뉴스) 양태삼 특파원 = 그리스의 운명은 물론 세계 경제에 큰 영향을 미칠 그리스의 2차 총선 투표가 17일(현지시간) 그리스 전역에서 시작했다.2차 총선은 그 결과에 따라 그리스의 유로존(유로화 사용 17개국) 잔류 여부를 사실상 결정한다는 점에서 세계가 주목하고 있다.이는 그리스의 구제금융을 둘러싸고 긴축 재정을 이행해야한다는 신민당과 구제금융을 원점에서 재협상해야 한다는 급진좌파연합(시리자)이 선거에서 선두를 다투고 있기 때문이다.구제금융 재협상에 대해 유럽연합(EU)과 유럽중앙은행(ECB), 국제통화기금(IMF) 등 '트로이카'는 일찌감치 재협상 불가를 선언해 시리자가 제1당이 되면 구제금융 재협상 요구가 그리스의 채무불이행(디폴트)과 유로존 탈퇴 등으로 이어질 가능성이 높은 상황이다.투표는 이날 오전 6시부터 시작해 별다른 사고 없이 진행 중이며 오후 6시에 종료한다.종료후 ANT 등 그리스 방송이 실시한 출구조사 결과가 발표될 예정이다.유권자는 18세 이상 그리스 국민으로 그 수는 약 990만명에 이른다.지난 1차 총선때 투표율은 65.1%였으나 이번에는 조금 더 높아질 것으로 그리스 언론들은 전망했다.공식 투표 결과는 18일 새벽에 발표될 예정이다.정당들은 전국 득표율 3%가 넘어야 의석을 확보할 수 있다.또 지지율 1위에 오른 정당은 정부 구성에 유리한 고지를 차지하도록 정원 300석인 의회 의석 중 비례대표로 50석의 의석을 부여받는다.이런 방식에 따라 어느 당이든 지지율이 30%를 넘으면 130석 가량의 의석을 확보하고 3당이나 4당과 연립정부 구성이 용이해진다.하지만 또 다시 정부 구성이 실패하면 과도정부가 구성돼 3차 총선을 치러야 한다.이번 총선에서 원내 진출이 유력한 당으로는 신민당과 급진좌파연합(시리자), 사회당, 그리스 독립당, 공산당, 민주좌파, 황금새벽당 등이 꼽힌다.지난 1차 총선때는 신민당이 득표율 18.9%로 1위를 차지했고 이어 시리자 16.8%, 사회당 13.2%, 그리스 독립당 10.6% 등의 순이었다. 공산당과 황금새벽당, 민주좌파 등의 득표율은 6-8%에 달했다.지난 총선때보다 70명 가량이 더 많은 230명의 외국 기자들이 입국해 2차 총선을 취재중이라고 과도정부 대변인이 밝혔다.한편 그리스 방송과 언론은 투표 상황을 전하면서 그리스 중부와 북부 지역에 확산하는 산불도 비중있게 보도하고 있다.tsyang@yna.co.kr[이 시각 많이 본 기사]☞<아랍 판도 바꿀 이집트 대선 결선투표>☞<여수엑스포> 가수 비 ""여수 밤바다 정말 낭만적""☞워싱턴DC 60대女 한인업주, 강도 총격 사망☞<프로야구> 두산·롯데, 용덕한-김명성 트레이드☞황우여, 17일 김문수ㆍ이재오 연쇄회동 경선룰 논의<연합뉴스 모바일앱 다운받기><포토 매거진><저작권자(c)연합뉴스. 무단전재-재배포금지.>"
35,2012-06-17,"""스마트폰 수중에 없으면 목소리도 불안""",https://news.naver.com/main/read.nhn?mode=LSD&mid=shm&sid1=105&oid=001&aid=0005651234,연합뉴스,"(옥천=연합뉴스) 심규석 기자 = 자주 쓰는 스마트폰이 수중에 없을 때 느끼는 심리적 불안감이 성대 진동과 음성에너지로도 확인된다는 연구결과가 나왔다.충북도립대학 조동욱(54ㆍ반도체전자통신계열) 교수는 20대 대학생 10명을 대상으로 스마트폰 회수 전후의 목소리를 각각 녹음해 IT기술로 분석한 결과 이 같은 결론을 얻었다고 17일 밝혔다.실험은 소음과 울림이 없는 공간에서 `우리나라를 사랑합니다'라는 문장을 말한 뒤 스마트폰 회수 후 24시간이 지나고 나서 이 문장을 다시 말하는 방식으로 이뤄졌다. 불안감이 커지면 성대진동은 증가하고 음성에너지는 떨어진다.분석 결과 스마트폰 회수 전의 성대진동 평균치가 100㎐라고 봤을 때 8명은 회수 후 3∼20㎐씩 증가했다.또 참가 대학생 9명의 음성에너지는 회수 전 평균치(75㏈)보다 0.2∼3㏈씩 떨어졌다.조 교수는 ""IT실험에서도 확인되는 스마트폰 중독에 대한 사회적 대책이 필요하다""고 말했다.ks@yna.co.kr[이 시각 많이 본 기사]☞<아랍 판도 바꿀 이집트 대선 결선투표>☞<여수엑스포> 가수 비 ""여수 밤바다 정말 낭만적""☞워싱턴DC 60대女 한인업주, 강도 총격 사망☞<프로야구> 두산·롯데, 용덕한-김명성 트레이드☞황우여, 17일 김문수ㆍ이재오 연쇄회동 경선룰 논의<연합뉴스 모바일앱 다운받기><포토 매거진><저작권자(c)연합뉴스. 무단전재-재배포금지.>"
36,2012-06-17,"보이스톡 기상도 공개, 통신3사 몽땅 '대화 불가'",https://news.naver.com/main/read.nhn?mode=LSD&mid=shm&sid1=105&oid=277&aid=0002800290,아시아경제,"3G 요금제 무관하게 측정.. 손실률 과장 가능성 배제 못해[아시아경제 심나영 기자]카카오가 매일매일 보이스톡 음성데이터 손실률을 공개하고 있다. 17일 카카오는 '보이스톡 3G데이터 현황 기상도'를 통해 16일 측정된 보이스톡 음성데이터 손실률을 공개했다.손실률은 KT가 10.22%로 가장 낮았으며 SK텔레콤 13.23%, LG유플러스 50.99%를 보였다. 국내 이통 3사는 모두 대화가 거의 불가능한 상태를 나타내는 '비' 기상도를 받았다. 일본과 미국은 깨끗한 대화가 가능한 상태를 나타내는 '해'다.카카오측은 ""손실율이란 음성을 상대방에게 보냈을 때 전달되지 못한 데이터의 비율로 손실율이 높을수록 대화가 어렵다""며 ""위 손실율은 요금제와 무관하게 3G에서 사용한 보이스톡의 평균값""이라고 설명했다.그러나 카카오의 손실률 측정에 대한 객관성 여부가 판단되지 않은 상황에서 이처럼 카카오가 손실률을 매일 공개하는 건 무리수라는 견해도 있다.카카오측이 ""요금제와 무관하게 3G에서 사용한 보이스톡의 평균값""이라고 밝힌 만큼, 손실률 산정 과정에서 보이스톡 서비스 이용이 아예 제한되는 4만원대 요금제 가입 고객까지 모집단에 포함시킨 것으로 보인다. 이런 방식으로 측정하면 손실률이 커질 가능성이 높다.방통위 관계자도 ""(무료음성통화가 허용되지 않는) 4만원대 요금제를 모집단으로 손실률을 조사한 후 이 결과치를 가지고 (보이스톡) 통화 품질을 거론한다면 앞뒤가 맞지 않다""고 말했다.결국 카카오가 손실률 수치의 신뢰성을 확보하려면 무료음성통화가 허용되는 5만원대 이상 요금제에 사용자들의 음성통화 손실율만 따로 추산해 공개하는 것이 방법이라는 게 통신업계 견해다.심나영 기자 sny@<ⓒ세계를 보는 창 경제를 보는 눈, 아시아경제(www.asiae.co.kr) 무단전재 배포금지>[관련기사]▶ '이미숙' 불륜 스캔들 사건 충격적 반전이…▶ ""유재석 때문에 돈 번 '정형돈' 한단 말이…""▶ ""장동건 드라마에서 뭘 자꾸 먹나했더니…""▶ 인삼 다당체 진산 항암면역 증강작용 탁월! 암극복!!▶ ""이건희 회장 둘째 딸 입은 '옷' 진짜 이 가격?"""
37,2012-06-17,"황우여 ""'룰' 수정만 기다릴 순 없어""",https://news.naver.com/main/read.nhn?mode=LSD&mid=shm&sid1=100&oid=008&aid=0002859328,머니투데이,"[머니투데이 변휘 기자]황우여 새누리당 대표는 17일 ""(대선후보 경선 룰 관련)'당헌·당규가 당연히 고쳐질 것이다', '어떻게든 고쳐질 테니까 현행 당헌·당규를 무시하고 고쳐질 때까지 기다리자'는 입장은 당 관리자로서 어렵다""고 말했다. ""고쳐지기 전까지 현재 당헌·당규 따라 엄격하게 경선을 진행할 수밖에 없다""고 말했다.황 대표는 이날 서울 여의도 새누리당사에서 열린 기자회견에서 ""일단 당헌·당규에 따라 경선관리위를 가동하되 대선주자들이 제기하는 문제점 등은 조속한 시일 안에 논의하면서 결과 따라 변경된 것을 수용하면 된다""며 이 같이 밝혔다.그는 ""경선 룰을 고치는 부분은 경선관리위에서 쉽게 고칠 수 있는 것도 있고, 당의 규칙이나 당헌을 고쳐야 하는 부분도 있다""며 ""당헌·당규로 돼 있는 부분은 성사 여부를 아무도 알 수 없고, 경선 룰을 고치자는 분들 사이에서도 의견이 다른 만큼 당으로서는 그 분들의 의견을 존중해 (논의의) 장을 만드는 게 의무""라고 말했다.최근 이른바 비박(非박근혜) 주자들과의 연쇄 회동 내용도 전했다. 황 대표는 ""어제(16일) 이재오 의원과 만나 많은 얘기를 했고, 오늘 임태희 전 대통령실장도 (당사에) 와서 좋은 얘기를 나눴다""며 ""(대선후보) 모두가 동지로서 연대의식을 고양하자는 점에서 의견을 같이 했다""고 말했다.아울러 ""임 전 실장은 경선룰에 대해 결선투표 도입 등 구체적인 안을 많이 연구했더라""며 ""이 부분도 포함해 논의하는 실무기구를 조속히 만들기로 했으며, 사무총장이 후보들의 대리인을 만날 것""이라고 덧붙였다.경선관리위 출범에 따른 대권주자들의 후보등록 필요성도 강조했다. 황 대표는 ""(후보들의) 대리인들과 실무회의를 해야 하는데, 예비등록이라도 해 대리인을 보내야 한다""며 ""지금 말하는 몇 후보는 (경선을 치를) 의지가 확고하지만 엉뚱한 일도 일어날 수 있다. 당내 규정 따라 하는 것이 안전하다""고 말했다.[핫이슈]숨은 진주를 찾아라 ""생활속 주식""[내손안의 스마트한 경제정보, 머니투데이 뉴스가판대][관련 키워드]새누리당[관련기사]☞정몽준 ""황우여 만날 필요없다""☞與 ""당원유출, 경선 영향없어""···진상조사팀 발족변휘기자 hynews@<저작권자 ⓒ '돈이 보이는 리얼타임 뉴스' 머니투데이, 무단전재 및 재배포 금지>"
38,2012-06-17,황당한 젖병 컨슈머리포트… 4등급 중 3개가 '우수',https://news.naver.com/main/read.nhn?mode=LSD&mid=shm&sid1=101&oid=277&aid=0002800222,아시아경제,"[아시아경제 박연미 기자] 공정거래위원회가 1350만원을 들여 황당한 젖병 가격·품질 비교 결과를 내놨다. 녹색소비자연대에 예산을 지원해 국내외 23종의 젖병을 평가한 뒤 ▲매우 우수 ▲상당히 우수 ▲우수 ▲보통 네 개의 등급을 줬다. 동점이 나오면 상위 그룹에 넣었다. 결국 하위 25%(6개)를 제외하곤 모두 '우수'하다는 아주 너그러운 소비자 보고서가 나왔다.결론도 허무했다. 비싼 수입산이 좋다는 선입관을 뒤집어보겠다며 비교를 해놓곤  '엄마들이 비싼 값 주고 사는 젖병엔 그럴만한 이유가 있다'는 결론을 냈다. 대형마트에서 '더블하트 모유실감'이라는 이름으로 판매하는 '피죤 모유실감' 젖병 등은 ""인터넷으로만 팔고 있다""고 소개했다. 가격 현장 조사가 제대로 이뤄지지 않았다는 의미다.제품 추천 기준 또한 애매했다. 공정위는 평가 뒤 독일 브랜드 '닥터브라운 PES', 영국 브랜드 '아벤트 BPA프리 PES', 국내 브랜드 '유피스 쇼콜라 PPSU' 세 가지 제품을 추천 목록에 올렸다. 같은 등급을 받은 치코와 피죤은 ""개당 2만원이 넘는 높은 가격때문에 추천 대상에서 뺐다""고 설명했다. 평가 결과는 공정위의 K-컨슈머리포트(www.smartconsumer.go.kr)에 실린다.평가 대상 젖병은 국내 브랜드 제품 9개와 수입산 제품 14개 등 모두 23개다. 안전성 시험에서 중금속이나 비스페놀A 등 유해물질이 검출된 제품은 없었다.평가 점수는 영유아 부모 132명을 대상으로 설문조사해 매겼다. ▲쥐는 느낌(그립감) ▲세척용이성 ▲디자인 ▲배앓이 방지 등 기능성 ▲부속품 교환 용이성 ▲제품 설명도 등 6개 항목을 점검했다.실리콘과 트라이탄으로 만든 젖병을 빼면 평가 점수는 대개 가격에 비례했다. 6개 항목 종합 평가에서 가장 높은 '매우 우수' 등급을 받은 건 ▲치코 제로BPA(2만3051원) ▲피죤 모유실감(2만2905원) ▲유피스 쇼콜라(1만9110원) ▲아벤트 BPA프리(1만7300원) ▲닥터브라운(1만5200원) 등 5개 제품이다.가장 낮은 '보통' 등급을 받은 제품은 ▲프린스 은나노 날씬 젖병(3160원) ▲메델라(7238원) ▲쭈쭈 베이비 팬시(1만1700원) ▲코들라이프 안티콜릭(1만5750원) ▲누비 와이드넥 노스필(1만7500원) ▲본프리(2만778원) 등 6개다.특히 메델라는 육아용품계의 명품브랜드로 알려져 있어 '속빈 강정'이라는 빈축을 사게 됐다. 메델라 제품은 부속품 교환이 불편하고 쥐는 느낌이 나쁜데다 디자인이나 배앓이 방지 기능도 떨어진다는 혹평을 받았다.평가 실무를 맡은 녹색소비자연대는 ""등급 기준을 정하고 가격을 조사하는 데 어려움이 있었다""면서 ""나쁜 제품을 비판하기보다 좋은 제품을 추천하고자 했다""고 해명했다.박연미 기자 change@<ⓒ세계를 보는 창 경제를 보는 눈, 아시아경제(www.asiae.co.kr) 무단전재 배포금지>[관련기사]▶ '이미숙' 불륜 스캔들 사건 충격적 반전이…▶ ""유재석 때문에 돈 번 '정형돈' 한단 말이…""▶ ""장동건 드라마에서 뭘 자꾸 먹나했더니…""▶ 인삼 다당체 진산 항암면역 증강작용 탁월! 암극복!!▶ ""이건희 회장 둘째 딸 입은 '옷' 진짜 이 가격?"""
39,2012-06-17,이석기 '애국가 부정' 발언…제명 논의 탄력받나,https://news.naver.com/main/read.nhn?mode=LSD&mid=shm&sid1=100&oid=008&aid=0002859339,머니투데이,"[머니투데이 양영권 기자]이석기 통합진보당 의원의 이른바 '애국가 부정' 발언 파문이 확산되고 있다. 여당은 ""종북 성향을 노골적으로 드러낸 것""이라는 반응을 보였다. 야당도 ""상식의 정치를 주문한다""고 비판해 수면 아래로 잦아들었던 국회의원 제명 논의도 다시 부상할 전망이다.이 의원은 지난 15일 기자들과 만나 ""애국가는 전두환 정권에서 강요해서 만든 것이다, 우리나라에는 국가라는 게 따로 없다""면서 ""민족적 정한과 역사가 반영된 '아리랑' 이런 것들을 애국가라 부를 수 있는 것""이라고 말했다. 비보도를 전제로 한 발언이었지만 이튿날 언론에 보도되면서 이 의원에 대한 비난이 쇄도했다.이에 대해 이 의원은 17일 발언 취지가 잘못 전달됐다고 해명했다. 기자들이 혁신비대위 활동에 대한 의견을 묻자 애국가 제창을 쇄신의 본질인양 인식하는 것에 대해 우려를 했을 뿐이라는 것이다. 또 애국가 제창 자체를 부정하거나 반대하지 않지만 애국가가 법으로 정해진 것은 아닌 만큼 '아리랑' 같은 노래로도 나라 사랑의 마음을 표현할 수 있지 않겠느냐는 뜻이었다고 해명했다.하지만 정치권에서는 여야를 막론하고 이 의원에 대한 비판이 쏟아졌다. 황우여 새누리당 대표는 이날 기자회견에서 ""국민으로서 생각하는 범위를 벗어나는 언행이 있을 때는 할 말이 없다""고 주장했다.황 대표는 ""국가안위에 대해 생각하면서 근본적인 대책을 마련하겠다""며 ""한 가지, 한 가지를 볼게 아니라 전반적인 사태에 대한 근본적인 해법 기준 마련할 수밖에 없다""고 말해 이 의원에 대한 국회의원 제명 추진 의사를 밝혔다.김현 민주통합당 대변인도 ""애국가를 이념논쟁의 대상으로 삼아서는 안 된다""며 ""상식의 정치를 주문한다""고 말했다. 김 대변인은 ""국민의 나라사랑이 담긴 애국가는 2010년 제정된 국민의례규정에서 법적근거를 부여받았다""며 ""국민의 대표인 국회의원은 국민의 눈높이에서 생각하고 실천해야 한다""고 덧붙였다.이 의원에 대한 국회 제명 논의도 탄력을 받게 됐다. 이한구 새누리당 원내대표는 머니투데이와의 통화에서 ""애국가 부정 발언을 통해 이 의원이 자신의 종북 성향을 노골적으로 드러낸 것으로 본다""며 ""'종북'을 제명 추진의 직접적인 이유로 삼지는 않더라도 이번 발언으로 그를 제명해야 한다는 국민적 요구가 커질 것이라는 걸 부정할 수 없지 않겠냐""고 말했다.그는 ""민주통합당도 통합진보당의 비례대표 선정 절차에 불법이 드러나면 의원 제명을 추진할 수 있다고 한 만큼 박지원 원내대표와 제명 절차와 방법 등을 논의할 것""이라고 강조했다.박지원 민주통합당 원내대표도 머니투데이와의 통화에서 ""진보당 내에서 비례대표 경선에 부정이 있었다고 하고 있기 때문에 국회에서도 이 의원에 대한 자격심사가 가능하다""고 재확인했다. 그는 이 의원의 애국가 발언에 대해 ""애국가를 그렇게 폄훼한 발언을 했다면 문제가 있다""고 말했다.[핫이슈]숨은 진주를 찾아라 ""생활속 주식""[내손안의 스마트한 경제정보, 머니투데이 뉴스가판대][관련 키워드]이석기|이한구|박지원|황우여|종북[머니투데이 핫뉴스]☞6년전 '로또'판교 당첨된 사람들 ""지금은…""☞'Kill You' e메일 밥먹듯 받는 사나이...왜?☞'갤S3'냐 '아이폰5'냐 그것이 문제로다☞이석기 ""애국가는 국가 아니다, 진짜 국가는…""☞선생님별 옷 입는 스타일 ""완전 공감""폭소양영권기자 indepen@<저작권자 ⓒ '돈이 보이는 리얼타임 뉴스' 머니투데이, 무단전재 및 재배포 금지>"
40,2012-06-17,"문재인, 대선출마 선언…'상생·평화·공평·정의' 키워드",https://news.naver.com/main/read.nhn?mode=LSD&mid=shm&sid1=100&oid=003&aid=0004557836,뉴시스,"【서울=뉴시스】김민자 기자 = 민주통합당 문재인 상임고문이 17일 당내 대선후보 경선 출마를 공식 선언했다.문 고문은 이날 오후 서울 서대문 독립공원 독립문 앞 광장에서 출마선언문을 통해 ""보통사람들이 주인인 '우리나라'의 대통령이 되겠다""고 말했다.그는 ""'우리나라'는 정치인에게 맡겨놓은 나라가 아니라 시민이 직접 정치와 정책과정에 참여하는 나라이며, 특권과 불평등의 나라가 아닌 보통사람들이 함께 기회를 가지는 공평하고 정의로운 나라""라고 정의한 뒤 ""시민과 동행하는 정치를 하고 싶다""고 포부를 밝혔다.문 고문은 상생과 평화를 키워드로 한 새로운 국가비전을 제시했다.그는 ""지나친 경쟁과 소외, 양극화의 살벌한 세상 대신 사람들이 서로 믿고 협력해 함께 더 큰 성장을 이루고 그 결과를 공유해 지속가능한 삶의 토대를 만드는 나라, 북한과도 신뢰와 협력의 토대 위에 평화와 공동번영을 이루는 나라가 내가 꿈꾸는 나라""라고 소개하며 ""이 두 가지의 비전을 합쳐 '상생과 평화의 새로운 대한민국'이라 부르겠다""고 말했다.특히 ""개발독재 모델의 유산을 청산해야 한다""면서 ""시장만능주의로 대표되는 시장독재 모델도 극복하고 개방·공유·협동·공생의 새로운 원리를 채택해 인간이 인간답게 살 수 있는 민주적이고 공정한 시장경제 모델을 만들어야 한다""고 강조했다.경제민주화에 대한 견해도 피력했다.문 고문은 ""이명박 정권은 입으로는 공정사회를 부르짖었지만 실제로는 측근세력들이 국가권력을 사유화하고 공공성을 파괴했으며 토건세력과 재벌집단, 최상위 계층에게 이익을 과도하게 몰아줘 공정이라는 말 자체를 냉소거리로 만들었다""면서 ""모든 시민들에게 균등한 기회를 제공하는 '공평'과 반칙과 특권, 부정부패를 척결하는 '정의'의 가치를 근간으로 새로운 대한민국을 만들겠다""고 다짐했다.그는 ""정의의 원칙은 특히 경제 분야에서 더 강조돼야 한다""면서 조세정의 실현, 재벌 지배구조 개선, 공정거래질서 확립에 힘써야 한다고 강조했다.특히 문 고문은 ""선성장·후분배, 낙수효과 같은 낡은 생각이 사회적 양극화와 성장잠재력 저하라는 아픈 결과를 낳았다""면서 ▲포용적 성장 ▲창조적 성장 ▲생태적 성장 ▲협력적 성장이라는 '4대 성장전략'을 제시했다.복지국가에 대한 소신도 밝혔다.문 고문은 ""부자감세, 4대강 사업과 같은 시대착오적 과오를 청산하고 하루빨리 복지국가로 가야 한다""면서 ""복지는 사람에 대한 투자이며 동시에 강력한 성장전략""이라고 강조했다.일자리 정책에 대해서는 ""좋은 일자리 창출을 위해 비정규직의 정규직 전환 촉진, 비정규직에 대한 차별철폐, 근로시간 단축을 통한 신규고용 확대, 고용영향평가제도의 채택, 고용증진과 기업지원 연계 등을 중요한 정책수단으로 채택하겠다""고 약속했다.아울러 ""대통령이 되면 가장 먼저 대통령 직속으로 '국가일자리위원회'를 설치하고 매달 '일자리점검 범정부회의'를 개최해 일자리 마련 상황을 점검, 독려하겠다""면서 ""먼 훗날 '일자리 혁명을 일으킨 대통령'으로 평가받고 싶다""는 희망을 나타냈다.교육정책과 관련, ""행복한 교육, 즐거운 학교를 만드는 것이 교육혁신의 기본방향이어야 한다""면서 ""유아, 초등단계의 과도한 학습 부담을 없애고 특기적성 이외의 사교육을 최대한 줄여 나가겠다""고 밝혔다.고령화대책으로는 ""참여정부가 도입했던 기초노령연금, 장기요양보험을 대폭 강화하고 건강지원 방법을 새로운 차원으로 개선하겠다""고 언급했다.안보 및 대북정책과 관련해서는 ""북한의 핵을 용인할 수 없다는 게 제 확고한 입장""이라면서 ""(북한과) 대화와 협상을 통해 반드시 핵을 포기하게 하고, 실종된 6자회담을 재개해 대한민국의 주도적 역할을 복원하겠다""고 말했다.문 고문은 지난 6일 자신의 트위터와 페이스북 계정을 통해 '함께 쓰는 출마선언문'을 제안했으며, 출마선언문은 이를 토대로 마련됐다. 출마선언 전 미리 녹화된 출마선언 동영상을 온라인에 공개하는 등 새로운 방식도 도입했다.출마선언 장소 역시 고심을 거듭했다. 문 고문 측은 ""서대문 독립공원은 우리나라의 독립과 민주주의를 지키기 위해 항거하고 고난을 당했던 수많은 독립투사와 민주인사들의 애국정신이 살아 숨 쉬는 곳이라는 점을 감안해 최종 결정을 하게 됐다""고 설명했다.문 고문은 이후 동대문구 경희대 평화의전당으로 자리를 옮겨 오후 5시부터 부인 김정숙씨와 아들 문준용씨와 함께 '스피치 콘서트 바람-내가 꿈꾸는 나라, 우리가 바라는 대통령' 행사에 참석한다.rululu20@newsis.com[뉴시스 이시간 핫 뉴스]ㆍ 문재인, 오늘 대선출마 선언ㆍ 파행 목동제자교회, 신앙갈등인가 쩐의전쟁인가ㆍ 이집트 대선서 ´사라지는 잉크´ 소동…""기표해도 몇 시간 뒤면 백지된다""ㆍ 통합진보, 오늘부터 당대표·최고위원 후보등록ㆍ ´단 한경기도 놓칠 수 없다´ 유로2012에 열광하는 대한민국… 이유는?★ 손 안에서 보는 세상, 모바일 뉴시스<저작권자ⓒ 공감언론 뉴시스통신사. 무단전재-재배포 금지.>"
41,2012-06-17,"'툭하면 띵동' 문자, 개인정보 수집비리 파헤치나",https://news.naver.com/main/read.nhn?mode=LSD&mid=shm&sid1=102&oid=003&aid=0004557791,뉴시스,"【수원=뉴시스】이정하 기자 = '툭하면 날아 오는 문자' 도대체 어떻게 내 이름까지 알고 보냈을까?새누리당 당원명부 유출 사건을 수사 중인 검찰이 17일 문자발송업체의 불법 개인정보 수집의 구조적 비리도 수사선상에 올려 놓은 것으로 알려졌다.수원지검 형사2부(부장검사 이종근)는 새누리당 수석전문위원인 이모(43)씨가 당원명부를 팔아 넘긴 문자메시지 전문발송업체 M사를 이달 초부터 3~4차례 압수수색했다.설립한 지 1여년도 채 되지 않은 것으로 알려진 M사는 서울에서 총선을 앞두고 대전으로 회사를 옮겼다.검찰은 압수수색에서 새누리당 당원명부는 물론 다량의 개인정보가 담긴 파일 등이 저장된 하드디스크를 확보, 현재 자료를 분석 중이다. 검찰이 압수한 자료에는 새누리당 외 다른 정당의 당원 명부는 없었다.검찰은 M사 대표 이모(44)씨 등을 상대로 당원 명부 활용처와 외부 유출 여부 등을 조사 하는 한편 추가로 발견된 개인정보 수집 경위도 파악하고 있는 것으로 알려졌다.검찰이 문자발송업체들의 불법 개인정보 수집 및 보관에 대한 구조적 비리까지 수사를 확대한 셈이다.검찰 한 관계자는 ""이번 수사를 통해 문자발송업체들의 개인정보 수집에 대한 구조적 비리를 파헤친다면, 국민들의 개인정보가 자기도 모르게 각종 홍보수단에 활용되는 폐단을 막을 수 있을 것""이라고 말했다.새누리당 당직자 이씨는 지난해 말부터 4.11총선 직전까지 M사 대표 이씨로부터 400여만원을 받고 수차례에 걸쳐 연락처 등 개인신상정보가 담긴 220만명의 당원명부를 넘긴 혐의(개인정보보호법 위반 등)로 구속됐다. M사 대표 이씨는 현재 불구속 상태에서 검찰의 조사를 받고 있다.jungha98@newsis.com[뉴시스 이시간 핫 뉴스]ㆍ 문재인, 오늘 대선출마 선언ㆍ 파행 목동제자교회, 신앙갈등인가 쩐의전쟁인가ㆍ 이집트 대선서 ´사라지는 잉크´ 소동…""기표해도 몇 시간 뒤면 백지된다""ㆍ 통합진보, 오늘부터 당대표·최고위원 후보등록ㆍ ´단 한경기도 놓칠 수 없다´ 유로2012에 열광하는 대한민국… 이유는?★ 손 안에서 보는 세상, 모바일 뉴시스<저작권자ⓒ 공감언론 뉴시스통신사. 무단전재-재배포 금지.>"
42,2012-06-17,"황우여 ""국가재정비대위 구성···당, 위기체제 개편""",https://news.naver.com/main/read.nhn?mode=LSD&mid=shm&sid1=100&oid=008&aid=0002859323,머니투데이,"[머니투데이 변휘 기자][취임1달 기자회견 ""당원명부유출 사과···'종북좌파' 국가기밀 접근방지 추진""]황우여 새누리당 대표 ⓒ뉴스1제공황우여 새누리당 대표는 17일  ""당을 국가위기관리체제로 전면 개편하겠다""며 ""국가재정위기의 사전대비를 위해 가칭 국가재정비상대책위원회를 구성하겠다""고 말했다.황 대표는 이날 취임 1달을 맞아 서울 여의도 당사에서 가진 기자회견에서 유럽발 재정위기에 따른 국가안위 우려, '종북' 국회의원 논란으로 촉발된 체제안보 문제, 당원명부 유출 등 당내 기강해이 문제 등을 지목, ""국가적인 미증유의 '삼중 파고'를 헤쳐 나가기 위한 비상위기체제를 가동해야 한다""며 이 같이 밝혔다.황 대표는 우선 ""국가재정비상대책위원회 아래 국가부채특위, 지방재정특위, 지역균형발전특위를 둬 국가재정위기를 차단하는데 주력하겠다""고 말했다.이를 위해 ""새로운 경제체제, 복지체제를 조속히 구축하는데 당력을 모을 것""이라며 △등록금 완화와 유아 보육비 국비지원에 대한 보완대책에 우선적으로 대응하고 △재래시장·소상공인·중소기업·자영업자 지원책을 전반적으로 점검하며 △거국적 국가민생개혁위원회를 구성해 경제민주화를 본격 추진하고 △좋은 일자리와 부동산거래 활성화를 위한 당 조직을 마련하겠다고 밝혔다.황 대표는 또 ""국가안위 관리체계를 마련하겠다""며 ""국가기밀보호특위를 마련해 국가기밀보호체제를 강화하고, 이른바 '종북좌파'의 국가기밀에 대한 접근 및 유출 가능성 사전 방지를 위해 국회의원과 당 소속 출입인사에 대해 기밀접근 체계를 재점검하겠다""고 말했다.아울러 ""생계형 사면은 권장하더라도 국가보안법 위반 사면에 대해서는 신중을 기하도록 정부에 요청하겠다""며 ""북한인권과 탈북자 지원을 지속하기 위한 특위도 만들겠다""고 덧붙였다.당내 경선 규칙(룰) 논란에 대해서는 ""대선승리의 주체는 후보 개인이 아니라 '팀'으로서 새누리당이 돼야 한다""며 ""대선 예비후도들과의 적극적 대화노력을 당이 주도하겠다""고 밝혔다.황 대표는 ""정례적으로 개별 및 당 주재 회의를 통해 (후보들과) 적극 접촉하고 대화할 것""이라며 ""필요하다면 경선 룰 논의를 개방하고 공개된 전문가 및 국민 토론회도 고려하겠다""고 강조했다.다만 ""이달 말까지 경선준비를 마치고 7월 중 후보검증위 활동을 진행하며 8월 정책비전대회를 하는 것이 현행 당헌·당규대에 따른 일정""이라며 경선 룰 논의와 함께 현재 경선 룰에 따른 경선일정 진행도 병행해 나갈 입장을 분명히 했다.당원명부 유출 사건에 대해서는 ""진심으로 국민들께, 특히 당원들께 사과드린다""며 ""국민 눈높이에 맞춰 강력한 당 내부개혁을 추진할 것""이라고 말했다.특히 ""주민등록번호와 계좌번호 등 사적정보를 제출하지 않아도 당원 등록이 가능하도록 개발해 가급적이면 개인정보를 취급하지 않겠다""며 ""유출된 자료의 유용방지와 재발방지를 위한 내부기강, 확고한 기밀관리 체제를 재정비하겠다""고 설명했다.이와 함께 ""SNS 정당체제를 확립해 100만 젊은층 참여정당으로 개편하고 팟캐스트 방송, SNS 최고위를 개최하겠다""며 ""당 윤리위를 대폭 강화하고 국회의원 특권배제를 강력 실천하며 정권말기 여당 주변의 권력누수 현상을 막기 위한 상시 감찰 기능도 가동하겠다""고 말했다.[핫이슈]숨은 진주를 찾아라 ""생활속 주식""[내손안의 스마트한 경제정보, 머니투데이 뉴스가판대][관련 키워드]새누리당[관련기사]☞與 ""당원유출, 경선 영향없어""···진상조사팀 발족변휘기자 hynews@<저작권자 ⓒ '돈이 보이는 리얼타임 뉴스' 머니투데이, 무단전재 및 재배포 금지>"
43,2012-06-17,K-컨슈머리포트 5호 '젖병' 추천 제품은?,https://news.naver.com/main/read.nhn?mode=LSD&mid=shm&sid1=101&oid=015&aid=0002706891,한국경제,"K-컨슈머리포트 젖병 추천 제품닥터브라운 PESㆍ아벤트 BPA프리 PESㆍ유피스 쇼콜라 PPSU 젖병이 'K-컨슈머리포트 5탄' 추천 제품으로 선정됐다.녹색소비자연대는 소비자평가단 132명의 품질평가와 젖병 가격, 안전성을 종합적으로 고려한 결과 이 3개 제품이 추천 제품으로 뽑혔다고 17일 밝혔다.소비자평가단은 그립감, 세척용이성, 디자인, 기능성(배앓이 및 중이염 방지), 부속품 교환의 용이성, 제품설명도 등 6가지 항목을 비교했다. 조사대상 젖병 23종 중 상위 25% 이상에 속하는 제품은 '매우 우수', 상위 25~50%는 '상당히 우수', 상위 50~75%는 '우수', 하위 25% 미만은 '보통'으로 평가했다.추천 제품은 종합평가 결과가 '매우 우수'인 제품 가운데 가격이 비싸지 않은 닥터브라운 PES젖병(1만5200원), 아벤트 BPA프리 PES젖병(1만7300원), 유피스 쇼콜라 PPSU젖병(1만9110원) 등 3개 제품이었다.치코 제로BPA PES젖병(2만3051원) 및 피죤 모유실감 PPSU젖병(2만2905원)은 '매우 우수' 평가를 받았지만 가격이 각각 3, 4번째로 비싸 추천 제품에서 제외됐다.소비자 평가에서 폴리에테르설폰(PES)·폴리페닐설폰(PPSU)·실리콘 재질의 젖병은 대체로 우수한 평가를 받은 반면, 폴리프로필렌(PP) 및 트라이탄 재질의 젖병은 낮은 점수를 받았다.폴리에테르설폰(PES) 재질의 젖병 대부분은 열과 충격에 강해 안전하고, 상대적으로 가격이 저렴했다. 폴리페닐설폰(PPSU) 재질은 가볍고 내열성, 내구성, 내화학성, 내충격성이 우수했다.폴리카보네이트(PC) 재질의 젖병은 모두 식약청의 고시에 적합한 안전한 제품이나 사용하다 흠집이 생길 경우 환경호르몬인 비스페놀A가 용출되거나 세균이 번식할 우려가 있었다. 이미 유럽 등에서는 제조·판매·수입 등이 중단돼 우리나라에서도 사용이 금지될 가능성이 있는 것으로 알려졌다.폴리프로필렌(PP) 재질의 젖병은 흠집이 나기 쉽고 사용기한이 짧아 전반적으로 낮게 평가됐다. 특히 메델라 PP젖병(7283원) 및 코들라이프 안티콜릭 PP젖병(1만5750원)은 조사대상 제품 중 하위 25%에 속하는 것으로 집계됐다.한국건설생활환경시험연구원에 의뢰해 젖병 23종의 몸통, 뚜껑, 젖꼭지를 대상으로 유해물질 검출시험을 실시한 결과 전 제품 모두 중금속·니트로사민류·비스페놀A 등이 검출되지 않았다.한편 동일한 제품이더라도 판매처별로 가격이 최대 1.5배까지 차이났다. 유피스 쇼콜라 PPSU 젖병은 백화점에서 2만7920원, 인터넷쇼핑몰에서 1만9110원에 판매됐다.녹색소비자연대는 ""젖병 판매처인 백화점, 대형마트, 유아용품 전문점, 인터넷쇼핑몰 중 인터넷쇼핑몰이 가장 저렴하다"" 면서 ""젖병을 구매할 때 안전성 및 아기의 선호를 고려해 소재를 선택하고, 추가기능과 가격 등을 종합적으로 비교·평가한 후 선택하는 것이 바람직하다""고 말했다.한경닷컴 강지연 기자alice@hankyung.com▶""혼전동거 한번 해볼까?"" 여친에 물었더니▶병원서 추락 女가수, 집단 성폭행 당해 '충격'▶사희, 숨막히는 비키니 자태 ""예술이네""▶[화보] '압구정 가슴녀' 비키니 몸매 공개▶[화보] 박한별, '늘씬+탄탄' 각선미 여신[한국경제 구독신청] [온라인 기사구매] [한국경제 모바일 서비스]ⓒ <성공을 부르는 습관> 한경닷컴, 무단 전재 및 재배포 금지<한국온라인신문협회의 디지털뉴스이용규칙에 따른 저작권을 행사합니다>"
44,2012-06-17,그리스 총선 결과 안갯속…결과 따라 유로존에 충격 줄 수도,https://news.naver.com/main/read.nhn?mode=LSD&mid=shm&sid1=104&oid=003&aid=0004557659,뉴시스,"【아테네=로이터/뉴시스】권성근 기자= 그리스에서 17일(현지시간) 실시되는 재총선은 승자를 예측하기 힘들 정도로 접전이 펼쳐지고 있는 가운데 그 결과에 따라 그리스가 구제금융을 거부하고 유로존을 탈퇴할 가능성도 있어 글로벌 금융시장에 적지 않은 혼란이 예상된다.이번 재총선은 지난 5월6일 실시된 그리스 총선에서 주요 정당들이 연립정부 구성에 실패해 다시 치러지는 것이다. 그리스는 세금 인상, 실업률 증가와 임금 삭감 등으로 5년 연속으로 경기침체가 이어지며 막다른 골목에 놓여 있다.재총선에서 우파 성향의 신민주당과 격돌한 급진좌파연합 시리자의 지도자인 알렉시스 치프라스 대표는 자신들이 집권할 경우 1300억 유로 규모의 구제금융을 거부할 수 있음을 내비쳤다. 치프라스는 유럽이 유로존 17개 국가의 실패를 그리스에 돌리려고 해서는 안 된다며 구제금융을 받아들이지 않겠다는 뜻을 분명히 했다.반면 안토니스 사마라스 신민주당 총수는 그리스가 유럽연합(EU)과 국제통화기금(IMF)이 제공하는 구제금융을 거절할 경우 그리스는 옛 통화인 드라크마를 사용할 수밖에 없고 이에 따른 경제적인 혼란이 가중될 것이라며 유권자들의 현명한 선택을 당부했다.사마라스는 15일 지지자들이 모인 가운데 ""이번 총선은 유로화와 드라크마의 대결""이라고 설명했다. 이런 가운데 이번 재총선에서 어떤 정당도 과반수 확보에 실패할 것으로 보여 군소정당과의 연립정부 구성이 불가피하다.재총선에서 어느 정당이 승리하더라도 권력을 잡는 시간은 그리 길지는 않을 것이라는 전망이 지배적이다. 그리스에서는 유로존 탈퇴를 바라지 않는다는 유권자들의 비율이 압도적으로 많다. 그러나 많은 그리스인들은 정치인들의 부패와 엘리트들의 탈세를 면제해준 구제금융 조건에 대해서도 거부감을 갖고 있다.아테네 시민이자 극장에서 프로듀서로 일하는 조지아 줌파(34)는 ""나는 시리자에 투표할 것""이라며 ""그리스가 유로존을 떠나면 다른 국가들도 고통을 받을 것이라며 그들의 주장에 동조할 수 없다""고 말했다.한편 영국과 일본의 중앙은행들은 그리스 재총선 후 일어날 수 있는 금융 혼란을 막기 위해 유동성을 지급할 준비가 돼 있다고 밝혔다. 이번 재총선 결과는 18~19일 멕시코에서 열릴 G20 정상회의에서 주요한 의제가 될 것으로 보인다.일부 EU 국가의 지도자들은 그리스 재총선을 앞두고 공개적으로 그리스 유권자들에게 시리자에 투표하지 말 것을 호소하기도 했다.그리스 재총선의 투표 시간은 17일 오전 7시부터 오후 7시까지이며 곧이어 출구조사 결과가 발표될 예정이다.ksk@newsis.com[뉴시스 이시간 핫 뉴스]ㆍ 문재인, 오늘 대선출마 선언ㆍ 파행 목동제자교회, 신앙갈등인가 쩐의전쟁인가ㆍ 이집트 대선서 ´사라지는 잉크´ 소동…""기표해도 몇 시간 뒤면 백지된다""ㆍ 통합진보, 오늘부터 당대표·최고위원 후보등록ㆍ ´단 한경기도 놓칠 수 없다´ 유로2012에 열광하는 대한민국… 이유는?★ 손 안에서 보는 세상, 모바일 뉴시스<저작권자ⓒ 공감언론 뉴시스통신사. 무단전재-재배포 금지.>"
45,2012-06-17,"""애국가 부정한 적 없어...본 뜻 왜곡""",https://news.naver.com/main/read.nhn?mode=LSD&mid=shm&sid1=100&oid=052&aid=0000411741,YTN,"통합진보당 이석기 의원은 애국가를 국가로 볼 수 없다는 자신의 발언과 관련해 파문이 확산되자 발언의 취지가 잘못 전달됐다고 해명했습니다.이석기 의원측은 YTN과 통화에서 기자들이 혁신비대위 활동에 대한 의견을 묻자 애국가 제창을 쇄신의 본질인양 인식하는 데 대한 우려를 전했던 것이라고 말했습니다.또 애국가 자체를 부정하거나 반대하지 않지만 애국가가 법으로 정해진 것이 아닌 만큼 아리랑 같은 노래로도 나라 사랑의 마음을 표현할 수 있지 않겠느냐는 뜻이었다고 전했습니다.애국가는 지난 2010년 제정된 국민의례 규정에서 국가로서 법적 근거를 부여받았고, 각종 국제 대회나 회의에서 한국을 대표하는 국가로 연주되고 있습니다.☞ [다운로드] 생방송과 뉴스속보를 한 눈에...YTN뉴스ON☞ YTN 긴급속보를 SMS로!☞ 스마트폰으로 즐기는 24시간 뉴스의 세계...YTN 어플리케이션[저작권자(c) YTN & Digital YTN. 무단 전재-재배포 금지]"
46,2012-06-17,온라인쇼핑몰의 큰 손은...40대 남성,https://news.naver.com/main/read.nhn?mode=LSD&mid=shm&sid1=101&oid=366&aid=0000063647,조선비즈,"-40대 평균 구매금액 7만원온라인 쇼핑몰에서도 40대가 20·30대를 제치고 주요 고객인 것으로 나타났다.17일 대한상공회의소가 최근 온라인 쇼핑객 500명을 대상으로 ‘온라인 쇼핑 실태조사’를 실시한 결과에 따르면 40대의 방문횟수 대비 구매비율은 10회당 2.91회로 20대(2.59회), 30대(2.87회)보다 높았다.1회 평균 구매금액도 40대는 7만원으로 20대(6.2만원)와 30대(6.5만원)보다 씀씀이가 큰 것으로 조사됐다.반면 쇼핑몰 방문횟수에 있어 40대는 20대(9.23회), 30대(9.46회)보다 낮은 8.55회를 기록했다.남녀 성별로 구분해보면 남성의 한달 평균 방문횟수는 6.91회로 여성(10.75회)보다 적었지만 방문횟수 대비 구매비율은 10회당 2.76회로 여성(2.70회)보다 약간 많은 것으로 드러났다.평균구매금액도 남성(7.3만원)이 여성(6만원)보다 높았다.지난 6개월간 온라인쇼핑을 통해 구매한 상품으로는 ‘의류·신발’(69.2%)이 가장 많았고 이어 ‘가정용품·주방용품’(23.8%), ‘패션잡화·보석·시계’(20.0%), ‘서적·음반’(17.2%), ‘화장품’(15.2%) 등의 순으로 나타났다.아울러 ‘주문취소, 교환, 반품을 한 경험이 있느냐’는 질문에는 소비자의 43.4%가 ‘있다’고 답했다.그 이유(복수응답)로는 ‘색상, 사이즈 등이 주문내역과 상이’(65.4%), ‘과장광고 등으로 판매조건 상이’(30.0%), ‘제품 불량 또는 파손’(18.9%), ‘단순 변심’(18.0%) 등을 차례로 꼽았다.취소·교환·반품된 상품은 ‘의류·신발’(64.5%)이 가장 많았고 이어 ‘가정용품·주방용품’(7.3%), ‘패션잡화·보석·시계’(4.9%), ‘유아·아동용품’(4.1%), ‘가공식품·건강식품’(4.1%), ‘가전·전자·통신기기’(3.7%) 등이 뒤를 이었다.대한상의 관계자는 “비대면거래라는 온라인 쇼핑 특성상 사이즈 또는 색상 등에 소비자가 많은 애로를 느낄 수 있다”며 “정확한 제품 정보 제공 등 소비자 보호를 위한 노력을 통해 온라인 쇼핑산업의 성장을 이어가야 할 것”이라고 밝혔다.[김창남 기자kcn@chosun.com]조선비즈 핫 뉴스 Bestㆍ""日 안 그러는데 한국은 뒤에서 칼꽂아""ㆍ김정일 OK받고 외국인 첫 北 자동차여행ㆍ결혼시장 부동의 1위 듀오… 돈 펑펑 쓰다 결국ㆍ첫인상은 '평범' 탈수록 '진국' 2000만원대 이 차ㆍ세계 최고 '비만 나라' 미국…평균 몸무게 무려chosunbiz.com"
47,2012-06-17,"대형마트, 매출 감소폭 확대...일요일 의무 휴업 탓",https://news.naver.com/main/read.nhn?mode=LSD&mid=shm&sid1=101&oid=079&aid=0002367421,노컷뉴스,"4월 2.4% 감소에 이어 5월달에도 5.7% 줄어 감소폭 더욱 확대[CBS 최승진 기자]일요일 의무휴업이 확대되면서 대형마트의 매출이 계속 줄고 있다.지식경제부가 발표한 5월 주요 유통업체 매출동향에 따르면 백화점 매출은 1.0% 증가했으나 대형마트의 매출은 4월 2.4% 감소에 이어 5월달에도 5.7% 줄어 감소폭이 더욱 확대됐다.특히 일요일 의무휴업의 적용을 받는 대형마트가 지난달에 비해 증가한 것도 매출 감소폭 확대에 영향을 준 것으로 추정된다.특히 대형마트는 스포츠의 매출을 제외한, 가전문화(11.3% 감소). 의류(6.3% 감소), 식품(6.5% 감소), 가정생활(3.8% 감소), 잡화(3.6 감소)의 매출이 전반적으로 감소했다.백화점은 가정의 달을 맞아 선물용품의 판매가 증가하고, 고급 시계등 유명 브랜드 판매 증가로 매출이 1.0% 증가했다.구매건수는 전년 동월대비 백화점은 4.0% 증가했으나 대형마트는 4.3% 감소했다.1인당 구매단가는 대형마트 43,256원, 백화점 73,585원이었다.choii@cbs.co.kr[관련기사]●유통산업 발전법 효과...대형마트 매출 줄고,전통시장 고객 늘어●백화점, 대형마트 교통유발부담금 최대 3배 인상●대형마트의 꼼수…의무휴무제 무색(대한민국 중심언론 CBS  뉴스FM98.1 / 음악FM93.9 / TV CH 412)<저작권자 ⓒ CBS 노컷뉴스(www.nocutnews.co.kr) 무단전재 및 재배포 금지>스마트 뉴스앱의 최강자! 노컷뉴스 APP 다운로드 받기↓"
48,2012-06-17,"임태희, 새누리당 경선 1,2위 결선투표 제안",https://news.naver.com/main/read.nhn?mode=LSD&mid=shm&sid1=100&oid=014&aid=0002668303,파이낸셜뉴스,"대권도전을 선언한 임태희 전 대통령실장은 17일 새누리당 대선 경선룰과 관련해 1, 2위 후보자에 대한 결선투표 도입을 제안했다.임 전 실장은 이날 서울 여의도동 당사에서 기자회견을 열어 ""1위와 2위 후보자는 대의원과 당원으로 구성된 선거인단을 대상으로 권역 별 순회 투·개표 방식을 통해 결정하자""며 ""대선 후보 최종 결정시, 대의원, 당원, 국민선거인단 및 여론조사 결과를 2:3:3:2 비율로 합산하면 된다""고 밝혔다.그는 ""이를 위해 대의원과 당원 선거인단을 50만 명으로 확대하고 대의원, 당원, 국민선거인단, 여론조사 시 각각 젊은 층(45세 이하) 비율을 50%로 반영하자""고 말했다.임 전 실장은 경선시기에 대해선 런던 올림픽을 감안해 9월 말까지 예선을 거치고 10월 말까지 결선투표를 완료하는 일정을 제시했다.새누리당 당원명부 유출사건을 감안해 그는 ""선거인단에 포함 될 대의원, 당원 및 국민선거인단 모집 및 관리를 중앙선거관리 위원회에 위임해야 한다""고 말했다.ch21@fnnews.com 이창환 기자■ 오늘의 핫뉴스▶ 살인마 오원춘의 ‘인육 의혹’ 재판부도 인정▶ 女학생 “남친과 데이트 비용 불만” 왜?▶ [파이낸셜뉴스 창간 12주년 이벤트]손글씨 쓰고 상품 받자▶ 엘리베이터서 男女가 뒤돌아 서더니..‘난감’▶ 정말 자고 일어나면 살이 빠지는 다이어트 인기※ 저작권자 ⓒ파이낸셜뉴스. 무단 전재-재배포 금지"
49,2012-06-17,"2014학년도 수능, 사교육 없이도 풀 수 있게 '쉽게 출제'",https://news.naver.com/main/read.nhn?mode=LSD&mid=shm&sid1=102&oid=003&aid=0004557436,뉴시스,"【서울=뉴시스】류난영 기자 = 현재 고등학교 2학년이 내년에 보게 될 예정인 2014학년도 대학수학능력시험은 사교육이나 과도한 준비 없이도 학교 수업에 충실했다면 풀 수 있도록 쉽게 출제될 전망이다.교육과학기술부는 2013년 11월7일에 실시되는 '2014학년도 대학수학능력시험 기본계획'을 17일 발표했다.우선 2014학년도 수능시험은 과도한 시험 준비 부담이 없는 수능, 별도 사교육 없이 학교 수업을 통해 준비할 수 있는 수능, 교육과정 중심의 출제로 고교교육 정상화에 기여하는 수능으로 추진될 계획이다.시험영역은 국어, 수학, 영어, 사회탐구·과학탐구·직업탐구, 제2외국어·한문이며, 시험영역(과목)은 수험생이 자유롭게 선택해 응시할 수 있다.국어, 수학, 영어 영역은 수준별 시험(A·B형)이 도입되며 A형은 현행 수능보다 쉽게 출제하고 B형은 현행 수능 수준으로 출제한다.국·수·영 B형은 최대 2과목까지 응시가 가능하지만 국어B와 수학B를 동시에 선택하는 것은 제한된다.아울러 국어, 영어의 문항 수는 현재의 50개에서 45개로 5개씩 줄어든다. 국어 듣기평가(5문항)는 없어지고 지필평가로 대체된다. 영어의 경우 45문항 중 22문항이 듣기·말하기 평가로 출제돼 영어시험에서 듣기평가가 차지하는 비중이 더욱 커지게 됐다.또 탐구영역의 최대 선택과목 수는 축소된다. 사탐·과탐은 최대 선택과목이 3과목에서 2과목으로, 직탐은 3과목에서 1과목으로 줄어든다. 제2외국어에 베트남어가 처음으로 신설된다.성적표에는 영역별 표준점수, 백분위, 등급이 기재된다. 표준점수와 백분위는 소수 첫째자리에서 반올림한 정수로 표기되고 등급은 아래의 비율에 따라 9등급으로 표기 된다.성적통지표는 같은해 11월27일 시·도교육청 또는 출신 고등학교를 통해 응시생에게 교부될 예정이다.한편 2014학년도 수능시험의 시행을 위해 한국교육과정평가원이 시행계획을 2013년 3월 중에, 시행세부계획을 2013년 7월 중에 공고할 예정이다.you@newsis.com[뉴시스 이시간 핫 뉴스]ㆍ ""국민 80% 국회의원 특권에 불만""ㆍ [종합]오원춘 사형선고…法 ""인육공급 가능성 있다""ㆍ [종합]한미 ""北 미사일 위협 대응, 포괄적 연합방어력 강화""ㆍ 전두환, 골프장 다니며 경찰 8명 경호 받아ㆍ ´공덕역 실종사건´ 동거남 가혹행위 속속 드러나★ 손 안에서 보는 세상, 모바일 뉴시스<저작권자ⓒ 공감언론 뉴시스통신사. 무단전재-재배포 금지.>"
50,2012-06-17,오늘 어제만큼 더워요!...강한 자외선 주의,https://news.naver.com/main/read.nhn?mode=LSD&mid=shm&sid1=103&oid=052&aid=0000411732,YTN,"[앵커멘트]일요일인 오늘도 내륙지방의 낮 기온이 30도 안팎으로 오르면서 7월 하순에서 8월 초순에 해당하는 한여름 더위가 예상되고 있습니다.기상센터 연결하겠습니다. 차현주 캐스터!어제도 참 많이 더웠는데요.오늘도 어제만큼 덥다고요?[리포트]휴일인 오늘도 뜨겁겠습니다.오늘 서울과 광주, 대구의 기온이 30도까지 오르면서 어제만큼 덥겠습니다.특히 햇볕이 강하게 내리쬐면서 자외선도 강할 것으로 보이니까요.오늘 외출하실 때 볕을 가릴 수 있는 모자와 양산 꼭 챙기시기 바랍니다.기상센터였습니다.[주요뉴스]▶ 자고 싶은 고양이 vs 놀고 싶은 고양이...'귀여워'▶ 대선 앞둔 원 구성 협상 '첩첩산중'▶ 오늘 G20 출국...유로존 해법 논의▶ 중국서 한국인 포함 보이스피싱 무더기 검거▶ 한강 이정도까지…바닥 살펴보니 '충격'☞ [다운로드] 생방송과 뉴스속보를 한 눈에...YTN뉴스ON☞ YTN 긴급속보를 SMS로!☞ 스마트폰으로 즐기는 24시간 뉴스의 세계...YTN 어플리케이션[저작권자(c) YTN & Digital YTN. 무단 전재-재배포 금지]"
51,2012-06-17,오늘 어제만큼 더워요!...서울 낮 29℃,https://news.naver.com/main/read.nhn?mode=LSD&mid=shm&sid1=103&oid=052&aid=0000411709,YTN,"연일 계절의 시계가 앞서 가고 있습니다.휴일인 오늘도 7월의 한여름 더위가 예상되는데요.대부분 지역의 낮 기온이 30도 안팎까지 오르면서 어제와 비슷한 수준을 보이겠습니다.반면 아침 저녁으로는 선선해 일교차가 크게 나니까요, 감기에 걸리지 않도록 건강관리 잘 해주시기 바랍니다.아침 일찍 외출하신다면 안개를 주의하셔야겠습니다.서해안과 일부 내륙에 안개가 끼는 곳이 있겠습니다.안개상황 참고하셔서 교통안전에 유의하시기 바랍니다.오늘은 고기압의 가장자리에서 간간이 구름만 지날 뿐 별다른 소나기 소식 없이 대체로 맑은 가운데 덥겠습니다.뜨거운 햇볕 때문에 자외선이 강하겠습니다.오늘 아침 기온 어제와 비슷하겠습니다.서울이 18도, 청주 18도, 대전 17도로 시작하겠고요.낮 기온은 서울 29도를 비롯해 청주 30도, 대구 30도, 부산 27도로 예상됩니다.당분간 고온현상이 계속되겠고요.반면 제주도는 이번 주 초쯤 본격적인 장마가 시작되겠습니다.오늘 바다의 물결은 전 해상에서 비교적 잔잔하게 일겠습니다.날씨정보였습니다.[주요뉴스]▶ 한강 이정도까지…바닥 살펴보니 '충격'▶ 대선 앞둔 원 구성 협상 '첩첩산중'▶ ""부풀린 금액 2억 이상...리베이트는 아냐""▶ 중국서 한국인 포함 보이스피싱 무더기 검거▶ 삼성·애플의 시장 장악력...'이 정도일줄은!'☞ [다운로드] 생방송과 뉴스속보를 한 눈에...YTN뉴스ON☞ YTN 긴급속보를 SMS로!☞ 스마트폰으로 즐기는 24시간 뉴스의 세계...YTN 어플리케이션[저작권자(c) YTN & Digital YTN. 무단 전재-재배포 금지]"
52,2012-06-17,"주유소協 ""알뜰주유소 추가 만들면 동맹휴업""",https://news.naver.com/main/read.nhn?mode=LSD&mid=shm&sid1=101&oid=018&aid=0002615240,이데일리,"- 정부 ""공공기관 주차장에 알뜰주유소 신규설치·휘발유 용기판매""- 주유소 업계 ""주유소 이미 과포화..생존권 사수위해 동맹휴업 불사""- ""용기 판매는 소비자 안전도 위협할 것""[이데일리 김현아 기자] 주유소업계가 정부의 공공기관 주차장 알뜰주유소 신규설치계획에 반발해 즉각 증단하지 않으면 동맹휴업에 나서겠다는 입장을 밝혔다.(사)한국주유소협회는 지난 15일 정부가 발표한 ‘공공기관 주차장 알뜰주유소 신규설치와 휘발유 용기판매 정책’은 4%에도 미치지 못하는 열악한 매출이익율로 유사이래 최악의 경영난에 직면해 있는 업계를 외면하는 정책이라고 비판했다.아울러 과포화 상태에 놓인 주유소시장상황에 역행하는 이 정책이 즉각 중단되지 않으면 생존권 사수를 위한 동맹휴업 등 어떠한 단체행동도 불사하겠다는 입장을 밝혔다.주유소협회에 따르면 정부의 과도한 경쟁촉진정책으로 인해 주유소 시장은 이미 과포화 상태에 이르러 폐업 주유소가 생기고 있다. 전국 주유소수는 2011년 1만3003개에서 2012년4월 현재 1만2907개로 첫 감소했다.이런 상황에서 정부가 공공기관 주차장에 알뜰주유소를 설치하고, 대형마트 주차장에서 휘발유를 용기에 담아 판매하겠다는 것은 시장상황에 역행하는 정책이라는 주장이다.협회 관계자는 “한계주유소에 대한 전업보조금 지원을 요청하고 있는 상황에서 정부가 공공기관 주차장에 새로운 주유소를 만들어 운영한다는 것은 주유소업계가 직면한 경영난을 외면한 무책임한 정책“이라고 설명했다.석유제품 용기(캔) 판매정책에 대해서도 “주유소는 안전, 환경 등 수 십 가지 규제를 받아야 한다”면서 “석유제품 용기 판매는 주유소업계의 상황뿐 아니라 소비자의 안전마저도 안중에 없는 전형적인 탁상행정”이라고 비판했다.한편, 주유소협회는 국민의 혈세로 일부 주유소에만 특혜를 주는 알뜰주유소 보다는 석유유통시장 전반의 공정한 경쟁을 촉진시키는 정책이 소비자에게 더 많은 혜택이 될 것이라고 주장하기도 했다.부당한 전량구매계약 개선과 혼합판매 및 전자상거래 활성화를 적극 추진한다면 공급자간 경쟁을 유도해 정부가 의도했던 유가인하 효과는 충분히 달성될 수 있다는 주장이다.김문식 (사)한국주유소협회 회장은 “과당경쟁 상황에 직면한 주유소시장에 인위적인 경쟁유도정책은 즉각 중단하고 혼합판매와 전자상거래 활성화 등 소비자와 주유소업계 모두가 만족할 수 있는 정책을 적극 추진해 줄 것을 강력히 요청한다“고 밝혔다.김현아 (chaos@edaily.co.kr)▶ 당신의 생활 속 언제 어디서나 이데일리 ‘신문 PDF바로보기‘▶ 스마트 경제종합방송이데일리 TV▶ 실시간 뉴스와 증권거래, 내 손안의 금융시장 ‘이데일리 모바일 서비스’▶ 전문가를 위한 국내 최상의 금융정보단말기 ‘이데일리 마켓포인트 2.0’▶ 국내 최고 증권 전문가 방송이데일리 ON, 고객상담센터 1666-2200＜ⓒ종합 경제정보 미디어 이데일리 - 무단전재 & 재배포 금지＞"
53,2012-06-17,"잠깨운다고 동거녀 살인한 30대 남성, 64일만에 도피행각 끝",https://news.naver.com/main/read.nhn?mode=LSD&mid=shm&sid1=102&oid=112&aid=0002309248,헤럴드POP,"[헤럴드경제= 박병국 기자] 지난 14일, 오후 2시반께, 서울 강동구 길동지구대에 한통의 전화가 걸려왔다. 살인사건 수배용의자인 A(34) 씨와 비슷한 모습을 한 사람을 봤다는 것. 이 내용을 전해 들은 강동경찰서 형사과장은 용의자가 머물고 있는 곳으로 추정 되는 B모텔로 강력팀을 급파했다.지구대원들은 모텔 밑에서 지키고 강력팀 형사들은 용의자가 있는 방을 덮쳤다. 도피생활로 지쳐 있던 용의자는 저항 없이 경찰에 붙잡혔다. A 씨의 도피행각은 사건이 발생한지 두달만에 막을 내렸다.A씨는 지난 4월10일 전남 해남군 해남읍 자신의 소재 아파트에서 동거녀 C(43) 씨와 함께 술을 마시다 취해 먼저 잠이 들었다. 역시 술에 취한 동거녀 C 씨는 A 씨를 향해 “왜 먼저 잠을 자냐”며 흔들어 깨웠다. 화가난 A씨는 C 씨에게 소리를 지르고 몸싸움까지 이어졌다. 급기야 A 씨가 C 씨의 목을 조르는 상황까지 갔으며 목이 졸린 C 씨는 쓰러진 후 일어나지 않았다. C 씨가 숨지자 A 씨는 C 씨를 바퀴가 달린 큰 가방에 넣고 동거녀 아파트를 빠져 나왔다. 이후 A 씨는 인근 산에 C 씨의 시신을 유기했다. A 씨는 다음날 집을 빠져나와 수원, 안산 등으로 도피를 시작했다. 죄책감에 시달린 A 씨는 지인 D씨를 만나 “내가 같이 사는 여자를 목졸라 죽이고 인근 산에 버렸다. 괴롭다”등의 말을 한 것으로 알려졌다. A 씨는 인터넷 채팅으로 C 씨를 만나 지난 2010년부터 해남에서 동거를 해왔던 것으로 알려졌다.피해자 C씨의 가족은 지난 4월9일 최종통화를 끝으로 연락이 되지 않자 6월초 해남경찰에 피해자 실종신고를 했다. 경찰은 C 씨의 아파트를 조사 하던 중 폐쇄회로(CC)TV 검색을 통해 A 씨가 큰 가방을 들고 나가는 것을 확인하고 살인 사건으로 판단, 수사를 시작했다. A 씨의 지인으로부터 A 씨가 살인을 했다는 이야기를 전해들은 경찰은 체포영장을 발부, 지난 4일 전국에 공개수배를 내렸다.서울 강동경찰서는 지난 5일 전남 해남에서 동거녀를 살해한 혐의로 수배가 내려진 A(34) 씨를 검거했다고 16일 밝혔다.강동경찰서에 따르면 A 씨는 서울 강동구의 B 모텔에 숨어 지내다 13일 오후 3시께 수배전단지와 비슷한 사람을 봤다는 112신고를 받고 츨동한 경찰에 의해 붙잡혔다. 강동 경찰은 A씨를 해남경찰로 이송했다. 해남경찰은 A 씨의 자택 인근 산에서 동거녀 C 씨의 시신을 수습했다.cook@heraldm.com[오늘의 인기기사]◆ 제주도 심령사진...“의문의 중년 남성, 조작 아니다”◆ 정아율 사망…자살 직전 행적 보니…“남자친구, 후배와 술”◆ 무광 블랙의 현실…국산차의 비애 “내 차도 아닌데 슬퍼”◆ 눈 없는 아기 사연…“언젠가 저 아이가 세상을 볼 수 있는 그 날이 오길”◆ 트럭만 한 강아지…“내 주머니 안에도 들어와볼래?”- 헤럴드 생생뉴스 Copyrights ⓒ 헤럴드경제 & heraldbiz.com, 무단 전재 및 재배포 금지 -"
54,2012-06-17,그리스 오늘 '운명의 총선',https://news.naver.com/main/read.nhn?mode=LSD&mid=shm&sid1=104&oid=052&aid=0000411733,YTN,"[앵커멘트]그리스가 오늘 유로존 탈퇴 여부를 결정지을 총선을 치릅니다.운명이 걸린 총선일을 맞은 그리스의 모습을 아테네에서 류충섭 특파원이 보도합니다.[리포트]아테네 아크로폴리스로 통하는 플라카 관광 지구입니다.성수기지만 문을 열지 않은 매장이 적지 않습니다.2년 이상 지속한 재정 위기에 유로존 탈퇴 우려까지 번지자 경기는 더 위축됐습니다.[인터뷰:이리니, 상인]""아침에 손님이 매우 없어 문이 닫혀 있어요 선거가 있기 때문에 오늘 아침에는 특히 손님 왕래가 줄었어요.""아테네 남부에 있는 대형 가구 상점들도 사정은 마찬가지입니다.긴축 여파로 소비가 줄자 직격탄을 맞았습니다.생활이 어려워진 국민들은 정치권을 향해 분노의 목소리를 높이고 있습니다.[인터뷰:흐리스토스 아슬라니디스, 건축업자]""정치가들이 우리를 우롱했고 국민에게 거짓말했고 그래서 국민은 의심하기 시작했어요. 이제 그런 정치인을 원하지 않아요.""이런 국민감정에 기반해 급부상한 급진 좌파 시리자는 2차 총선에서 승리를 기대하고 있습니다.총선 이후 긴축안을 폐기하고 경제의 틀을 다시 짜겠다며 서민과 젊은층을 공략하고 있습니다.하지만 그럴 경우 유럽연합의 자금 지원이 끊어져 그리스가 국가 부도에 이어 유로존에서 퇴출당할 것이란 불안감이 퍼져 있습니다.[인터뷰:하디스 다스칼로타나시스, 대학 행정 간부]""유로존이 우리를 끌어내기 전에 경제 붕괴로 우리 스스로 유로존에 나갈지도 모릅니다.""선두를 다투는 신민주당은 긴축을 수용해 유로존에 일단 남아야 한다며 보수 표심을 집결하고 있습니다.신민주당과 시리자가 박빙의 경쟁을 벌이고 있는 가운데 유권자의 10%인 90만 명이 부동층이어서 총선 결과는 예측하기 어렵습니다.총선일을 맞은 그리스 민심 속에는 분노와 공포가 뒤섞여 있습니다그리스 국민들은 이제 중대한 선택의 순간을 맞았습니다.아테네에서 YTN 류충섭입니다.[관련기사]▶ 그리스 내일 총선...폭풍전야▶ 그리스 총선 D-1...보수당 약간 앞서 [김수진, 국제부 기자]▶ 이집트 대통령 결선투표 시작▶ 이집트, 민주화 혁명 물거품?...대선 결선투표 시작▶ 그리스, 유로존 위기의 진원지☞ [다운로드] 생방송과 뉴스속보를 한 눈에...YTN뉴스ON☞ YTN 긴급속보를 SMS로!☞ 스마트폰으로 즐기는 24시간 뉴스의 세계...YTN 어플리케이션[저작권자(c) YTN & Digital YTN. 무단 전재-재배포 금지]"
55,2012-06-17,3대 동거 ‘캥거루 대가족’ 확산… 부모가 자녀 부양하는 시대,https://news.naver.com/main/read.nhn?mode=LSD&mid=shm&sid1=102&oid=353&aid=0000010154,중앙SUNDAY,"결혼 7년차로 맞벌이를 하면서 딸(4) 하나를 둔 연구원 정모(38)씨. 직장생활 10년째로 회사에선 어엿한 중견이지만 집으로 돌아가면 ‘둘째 아이’일 뿐이다. 2남 중 차남인 정씨는 부모와 떨어져 산 적이 별로 없다. 결혼 후에도 서울 목동의 단독주택에서 쭉 같이 살아 왔다. 하지만 그가 부모를 ‘모시거나’, ‘봉양하는’ 것은 아니다. 그의 생활을 들여다보면 오히려 부모한테 ‘얹혀산다’는 말이 맞다. 부모 소유의 집에 살면서, 생활비도 대부분 부모한테 의존한다. 딸도 어머니(59)가 돌봐준다. 부모 도움 없이는 가족의 생활이 유지되질 않는다. 주말 어머니와 같이 마트에 과일 사러 갔다가 한번에 25만원이 드는 것을 보고 놀랐지만 끝내 지갑을 열진 않았다.3대가 같이 살면 즐거움도 있지만 갈등도 피할 수 없다. 특히 정씨의 아내(35)는 집안에서 발언권이 거의 없다는 점에 스트레스를 받는다. 휴가계획이나 집수리 등을 혼자 결정하기는 거의 불가능하다. 그럴 경우 시부모와 장기 냉전을 감수해야 한다. 그렇다고 분가를 생각하기도 어렵다. 생활비가 폭증할 게 뻔한 데다 다음달 둘째가 태어날 예정이기 때문이다. 시부모가 외면하면 더 이상 맞벌이를 할 수 없게 된다.정씨의 경우처럼 결혼 후 부모와 함께 살거나 부모 집 주변에 거주하며 경제적물질적 지원을 받는 30~40대가 크게 늘고 있다. 나이 먹은 캥거루족들의 증가로 ‘캥거루 대가족’이 속속 생겨나고 있는 것이다. <그래픽 참조>부모의 지원 없이는 홀로서기를 할 수 없는 계층이 그만큼 늘어난 것이다. 이로 인해 과거 대가족이나 핵가족 시절 없었던 서글픈 상황들이 빈발하고 있다.최근 서울시 발표에 따르면 지난해 말 기준 서울시 거주 30~49세 성인 중 48만5000여 명이 부모가 가구주인 집에서 함께 살고 있는 것으로 나타났다. 10년 전에 비해 91%나 증가한 수치다. 다른 대도시의 추세도 비슷하다. 집은 따로 있어도 같은 동네에 살면서 육아와 생활 등에서 부모 도움을 받는 경우는 이 통계에 포함돼 있지 않다. 2009년 전국 결혼 및 출산동향조사에 따르면 30~44세 기혼여성의 21.3%가 자녀 양육에 ‘부모로부터 도움을 많이 받는다’고 응답했다. ‘약간 받는다’는 응답자까지 합하면 약 60%에 달한다. 이를 감안하면 캥거루 대가족 형태로 유지되는 가정의 비율이 상당히 높다는 계산이 가능하다.독립을 하지 않거나 포기하고 부모의 집에 머무는 30~40대 미혼자도 증가했다. 만혼이 늘고 취직과 내집 마련 등 과거엔 때가 되면 자연스럽게 찾아왔던 독립 모멘텀을 잡기가 점점 힘들어지기 때문이다. 이에 따라 부모의 울타리 내에서 지내는 캥거루들의 연령대도 높아지고 있다.반면 1970년대 이후 한국의 가장 보편적인 가족 형태였던 핵가족(3~4인 규모)의 감소추세는 확연하다. 아예 혼자 사는 1인 가구이거나, 조부모 세대를 포함한 캥거루 대가족이 점차 그 자리를 차지하고 있다. 전문가들은 “대가족이 해체되고 핵가족화가 일반화 된 70년대 이후 한국사회의 가족구조가 가장 큰 변화를 겪고 있다”고 입을 모은다.30~40대 기혼자들의 부모 의존도가 높아진 가장 큰 이유는 육아와 경제적 문제 때문이다. 노부모 세대는 경제 성장기에 중장년기를 거쳤고, 부동산 투자 등을 통한 부의 축적이 지금보다 수월했다. 경제적 여건이 지금의 30~40대에 비해 여유롭다. 과거엔 부모보다 수입이 많은 자녀가 부모를 부양하는 게 자연스러운 현상이었지만 현재의 자녀 세대는 부모 세대보다 돈을 모을 기회가 적다. 이 때문에 ‘연장된 양육’이 이어지고 있는 것이다. 30~40대로서는 부모와의 동거가 경제적으로 가장 ‘남는 장사’인 셈이다.하지만 새로운 트렌드인 캥거루 대가족이 확산되면서 문제점도 드러나고 있다. 육아를 위해 6년 전 시댁과 합친 박모(35·여)씨는 “육아 문제 등 부딪히는 측면이 많다”고 말했다. 어린이집에 가기 전 한글 선생님을 불러 공부를 가르치고 싶었지만 “아이가 너무 어리다”는 시어머니의 반대에 그만두었다. 그는 “내 생각과 다르지만, 도움을 받고 있는 처지여서 시어머니 말에 따랐다. 혹시 아이가 뒤처지지 않을까 걱정이 된다”고 말했다.그렇지만 분가는 생각하지 않는다. 박씨가 아이 둘을 돌봐줄 입주 도우미를 고용할 경우 월 150만~200만원을 지출해야 한다. 부부 중 한 사람의 월급은 고스란히 양육비로 나가야 하는 것이다. 박씨는 “친구들 사이에선 ‘불편하더라도 어쨌든 시부모의 도움이 최선의 선택이다. 아이가 커갈수록 비빌 언덕이 없으면 맞벌이는 포기해야 한다’고 말들을 한다” 고 전했다.어른들도 불만이 많다. 일단 육체적 부담이 크다. 딸 다섯을 둔 오모(70·여)씨는 지난 10년 동안 외손자외손녀 육아로 숨돌릴 틈이 없었다. 현재 그는 임신 6개월 상태에서 직장에 다니는 넷째 딸의 아들(9)을 돌봐주고 있다. 오씨는 넷째 딸이 출산하게 될 걸 생각하면 겁부터 난다. “사돈도 그 집 외손자를 봐주다 디스크가 도져 움직일 수 없는 처지라 서운한 말을 할 상황도 아니다”라고 한숨 지었다.손자녀 양육으로 부모의 노후 자금을 잠식하거나, 노후 준비에 차질이 생기기도 한다. 오씨도 “부업을 하면 월 100만원을 벌어 내 생활에 보탤 수 있는데 못하고 있어 손해를 보고 있다”며 “내가 모른 척하면 집안에 풍파가 일 것 같아 참고 산다”고 불평했다.생활비와 가사 분담 등을 놓고 갈등을 겪는 가정도 많다. 한국가정법률상담소에 접수된 합가 가정의 상담 사례를 살펴보면, 고민 1순위는 금전문제다. 최근 이곳을 찾은 A씨 (30·여)도 경제력이 없는 남편과 함께 시댁에 살면서 고통을 겪고 있는 사례다. 그는 “남편이 직장이 없어 생활비를 시부모에게 타 쓰는데, 난 그냥 가정부처럼 살고 있다”고 말했다.하지만 남편은 “나중에 유산을 받으면 되는데 뭐가 걱정이냐”고 되물을 정도로 상황 개선의 의지가 없다. 조은경 상담위원은 “경제적으로 전적으로 의존하고 있는 부모와 갈등을 겪으면 출구전략이 없어 더욱 고통을 느끼는 것 같다”며 “캥거루족의 상담은 고부갈등, 장서(사위-장모)갈등, 경제갈등 등 각종 갈등의 종합선물세트 같을 때가 많다”고 말했다.합가 가족이 늘면서 각종 인터넷 육아 커뮤니티는 시부모 혹은 장인장모 성토의 장이 되기도 한다. 한 유명 육아사이트엔 최근 “은행 대출 1억원을 빨리 갚기 위해 친정으로 들어왔는데 남편과 어머니가 육아 문제로 사이가 좋지 않다”는 고민 글이 화제가 되기도 했다. 이 회원은 “남편이 아기에게 감을 먹이다 감씨가 목에 걸렸는데 이를 빼내다 피가 나서 엄마와 싸웠다”며 “엄마는 사위의 생각 없음을, 사위는 장모가 ‘야, 너’로 부른 것을 서운해 하고 있어 중간에서 어떻게 해야 할지를 모르겠다”고 적었다.40세를 넘겨서도 결혼을 하지 않은 채 노부모 곁에 더불어 사는 ‘고령 캥거루족’도 흔해졌다. 서울 서초동에서 학원을 운영하는 은모(41·여)씨는 태어나서 한 번도 부모 곁을 떠난 적이 없다. 은씨는 “학원 운영을 위해 진 빚을 갚고 은퇴 자금도 마련해야 하기 때문에 독립은 생각할 수도 없다”고 말했다. 물론 불편함은 있다. 은씨는 “집안 청소 문제로 다투다 엄마한테 ‘나가라’는 말을 들어서 상처를 받았다”고 말했다.뚜렷한 직업 없이 부모의 노후자금을 잠식하다 분쟁을 겪는 캥거루도 눈에 띈다. B씨(65)는 방에 틀어박혀 나오지도 않고 담뱃값까지 타가는 아들(35) 때문에 마음 고생이 심하다. 최근 아들이 “어차피 유산을 물려줄 것이면 지금 달라”고 떼를 쓰는 바람에 큰 싸움이 벌어지기도 했다. 아버지 B씨는 “1000만원짜리 전세를 구해줄 테니 일자리를 구해 생활비는 알아서 쓰라”고 말했다. 이에 아들은 아버지가 어렸을 때 날 학대해 정신적인 충격으로 정상적인 사회생활이 어렵다고 맞섰다.송다영 인천대(사회복지학) 교수는 “서구의 부모와 자녀 관계는 정서적 지원을 매개로 하는 반면, 한국은 경제적 지원이 매개인 경우가 많아 갈등이 생기면 심각할 수 있다”고 말했다. 그는 “심한 경우 노인 학대와 마찬가지로 자녀 학대 등도 예상할 수 있다”고 했다.김혜영 숙명여대 정책대학원 교수는 “사전에 합가의 형태, 기간, 생활비 분담 등을 자녀와 부모가 합의해 두는 게 좋다”며 “막연한 마음으로 ‘잘되겠지’ 생각하다 어느 한쪽이라도 손해보는 느낌을 받으면 문제가 생긴다”고 말했다.전영선 기자 azul@joongang.co.kr[ⓒ 중앙선데이 & Jcube Interactive Inc., 무단 전재 및 재배포 금지]"
56,2012-06-17,지구를 골프공 크기가 될 때까지 누르면?,https://news.naver.com/main/read.nhn?mode=LSD&mid=shm&sid1=105&oid=353&aid=0000010121,중앙SUNDAY,"로버트 오펜하이머(1904~67)는 원자탄을 개발한 미국 물리학자로 알려져 있지만 아는 사람 사이에선 블랙홀의 개척자로도 유명하다. 1939년 발표한 논문 ‘거대한 중성자핵’은 블랙홀을 처음 과학적으로 규명한 역사적인 논문이다. 논문의 내용을 요약하면 이렇다.그는 아인슈타인의 일반 상대성 이론을 태양보다 10배 정도 무거운 별에 적용했다. 결론은 스스로의 중력을 이기지 못하고 수축해 블랙홀이 된다는 것이었다. 그런데 이 논문을 아인슈타인에게 보여줬더니 ‘어딘가 계산이 잘못된 것’이라며 믿지 않았다고 한다.‘블랙홀’의 아이디어는 1783년 지질학자 존 미첼이 쓴 영국 학회지 논문에 처음 나타난다. 그는 천체 질량이 아주 커지면 중력도 아주 같이 커져 빛조차 빠져 나올 수 없으리라 추측했다. 오늘날 그의 생각은 근본적으로 맞는다는 게 밝혀졌지만 당시엔 안 그랬다.지구를 기준으로 설명하면 이렇게 된다. 지구의 질량(무게)을 유지하면서 반경을 줄이면 표면의 중력은 점점 더 강해진다. 만유인력은 질량에 비례하며 거리(반지름)의 역제곱에 비례하기 때문이다. 예를 들어 태양의 질량을 유지한 채 반경을 2.9㎞까지 줄인다면 태양 표면을 벗어나려는 로켓의 속도는 빛의 속도가 돼야 한다. 그런데 빛의 속도는 넘어설 수 없다. 로켓은 결코 태양을 절대 벗어날 수 없다. 거기서 발생한 빛도 마찬가지다. 이런 반경을 ‘슈발츠실드 반경’이라고 하며 모든 물체가 빠져 나올 수 없는 블랙홀의 행동반경이 되는 것이다.참고로 지구를 누르고 눌러 반지름이 골프공 크기의 1.8㎝가 되게 하면 지구는 드디어 블랙홀이 된다. 체중 100㎏의 남자를 압축해 원자핵보다 1조 배나 작게 만들 경우 반지름이 10-23㎝, 밀도는 10-73gr/㎤가 되는 블랙홀이 된다. 물론 이때 그 남성도 블랙홀이 된다. 이렇게 블랙홀은 여러 종류가 있을 수 있고 은하계의 중심엔 거대 블랙홀이 있다는 게 확인된 상태다. 사람을 눌러 반경 10-123㎝인 미니 블랙홀이라면 그게 우리 몸 속을 지나가도 느끼지 못할 것이다. 왜 그럴까. 답이 뒤에 있다.사실 우리 우주에는 크고 작은 블랙홀이 깔려있다. 1960년대에 미국 국방부는 군사용 첩보위성을 우주에 띄어놓고 소련을 감시했다. 그런데 이 첩보위성에 거의 매일 강한 감마선(빛보다 파장이 훨씬 짧은 강한 전파) 신호가 잡혔다. 처음에는 소련을 의심했지만 감마선이 우주 깊숙한 곳에 올 뿐 아니라 1초 정도의 짧은 시간에 강하게 발사된 뒤 곧 없어진다는 게 확인됐다. 과학자들은 이를 감마선 폭발체(γ-ray Burst)라 이름 지었고 그게 우주 깊은 곳의 별이 블랙홀이 되면서 내뿜는 강한 감마선임을 확인했다.블랙홀은 인위적으로 만들 수 있다. 요즘 과학자들은 제네바의 지하에 설치된 세계 최대의 입자가속기인 LHC(Large Hadron Collider)를 이용해 미니 블랙홀을 만들려 하고 있다. 과학을 모르는 한 미국인이 블랙홀을 만들면 지구를 집어 삼키게 된다고 하와이 법원에 LHC 가동 정지 가처분 신청을 했다는 웃지 못한 일도 있었다.그런데 어떤 과학자들은 ‘우주 전체가 우주 밖에서 보면 블랙홀’이라는 흥미 있는 가설을 제기한다. 앞서 설명한 것처럼 질량이 큰 물체가 블랙홀이 되면 반경이 커지고, 블랙홀의 밀도는 질량의 제곱에 역비례해 작아진다. 이런 방식대로 보면 관측된 우리 우주의 반경이 약 130억 광년, 밀도는 10-29gr/㎤ 인 것은 블랙홀의 조건을 그대로 갖고 있는 것이다. 결국 우리 우주 자체가 블랙홀일 수 있다는 말이다. 한 걸음 더 나가 모든 블랙홀 속은 다른 우주와 연결돼 있고 거대 우주에는 수많은 평행 우주가 있다는 주장을 하는 천문학자도 있다.블랙홀 연구에서 빼놓을 수 없는 사람이 또 있다. 루게릭병을 앓고 있는 스티븐 호킹 박사다. 모든 것을 빨아들여 빛조차 탈출을 못하는 블랙홀은 한 번 생기면 영원히 살을 찌우면서 존재할 것인가? 호킹 박사는 ‘호킹복사를 방출하면서 소멸하고 증발할 수 있다’고 한다. 그 이론은 이런 내용을 갖고 있다.모든 것을 집어 삼키는 블랙홀의 경계면(Event Horizen)에서는 중력장이 매우 강하다. 그래서 E=mc2이라는 이론에 따라 전자와 반전자 쌍이 쉽게 만들어진다. 그런데 만들어진 두 입자 가운데 경계면에 가까운 쪽은 블랙홀로 흡수되지만 남은 ‘반대 성질을 가진 입자’는 우주로 날아가게 된다.이렇게 전자 같은 소립자를 방출되면서 방사선이 방출된다. 그게 호킹복사다. 계산에 따르면 방사선의 방출 강도는 블랙홀 경계면의 면적에 비례한다. 블랙홀이 안고 있는 에너지는 ‘반지름의 세제곱’이므로 방사 효율은 블랙홀의 반경에 역비례한다. 이런 계산에 따르면 거대 블랙홀이라도 끝없이 속살을 찌우며 팽창하는 것은 아니다. 우리 주변에 사람을 압축해 만든 초미니 블랙홀이 있다 해도 순식간에 증발해버린다. 세상에는 영원무궁한 존재는 없다는 교훈을 블랙홀은 다시 일깨워 준다.한국과학문화진흥회 이사장 risec@hanmail.net[ⓒ 중앙선데이 & Jcube Interactive Inc., 무단 전재 및 재배포 금지]"
57,2012-06-17,"'아리랑' 유네스코 등재, 북 빠졌다…한국 단독신청",https://news.naver.com/main/read.nhn?mode=LSD&mid=shm&sid1=102&oid=003&aid=0004557398,뉴시스,"【서울=뉴시스】유상우 기자 = 문화재청이 '제2의 애국가' 아리랑을 유네스코 문화재로 등재해달라는 신청서를 냈다. 마감일인 지난 6일 제출했다.2009년 유네스코에 인류무형유산으로 신청한 '정선 아리랑'을 수정, 보완한 것이다. 정선아리랑을 비롯해 국내 각 지역에 분포한 아리랑들을 포함했다.앞서 지난해 최광식 문화체육관광부 장관은 ""북한과 함께 아리랑을 유네스코에 공동 등재하는 방안을 추진하겠다""고 밝혔다. 그러나 이번 신청서에서는 북이 빠졌다. 대한민국만 단독으로 신청했다.문화재청은 김정일 사망 후 경색된 남북관계를 이유로 들었다. 남북 공동신청을 위한 노력이 부족했다는 지적에 대해서는 ""계획은 했지만 접촉한 적은 없다""면서 ""경색관계가 개선되면 북한과 협의해 북한 아리랑도 포함시킬 것""이라고 답했다.문화재청은 ""올해 등재가 되든 안 되든 북한 아리랑을 포함시킨다는 계획에는 변함이 없다""며 ""절차는 복잡하지만 나중에라도 북한과 협의가 잘 된다면 북한 아리랑을 포함시키는 데는 문제가 없을 것""이라고 기대했다.반면, 문화재청의 또 다른 관계자는 ""북한은 아리랑을 선전과 선동에 사용하는 등 순수한 아리랑의 범주를 넘어섰다. 공동등재는 쉽지 않을 것""이라고 짚었다.한편, 중국은 지난해 8월 아리랑을 자국의 국가유산으로 지정하는 등 유네스코 문화유산 등재 움직임을 드러냈다. 하지만 올해 유네스코에 문화재 등재 신청서는 내지 않았다.'아리랑' 등재 여부는 11월 그레나다에서 열리는 제7차 무형유산위원회에서 결정된다.swryu@newsis.com[뉴시스 이시간 핫 뉴스]ㆍ ""국민 80% 국회의원 특권에 불만""ㆍ [종합]오원춘 사형선고…法 ""인육공급 가능성 있다""ㆍ 남편을 너무 사랑해서?…아르헨 과부, 무덤 속 남편 관 옆에서 생활ㆍ 전두환, 골프장 다니며 경찰 8명 경호 받아ㆍ ´공덕역 실종사건´ 동거남 가혹행위 속속 드러나★ 손 안에서 보는 세상, 모바일 뉴시스<저작권자ⓒ 공감언론 뉴시스통신사. 무단전재-재배포 금지.>"
58,2012-06-17,대법원 표지석 깼다고 실형?...'괘심죄' 논란,https://news.naver.com/main/read.nhn?mode=LSD&mid=shm&sid1=102&oid=008&aid=0002859122,머니투데이,"[머니투데이 이태성 기자][[서초동 Veritas] ""피해의식에 추가 범행 우려"" vs ""사람도 아닌 돌인데 심했다""]지난달 3일 이씨가 훼손한 대법원 표지석대법원 표지석을 훼손한 혐의로 구속 기소된 60대 남성이 실형을 선고받았다. 이를 두고 법조 일각에서는 ""법원이 자신들의 위신을 건드렸다는 이유로 과한 판결을 내렸다""는 비판이 일고 있다.건설업에 종사하던 이모씨(65)는 2000년 다리를 다쳐 일을 그만뒀다. 집에서 쉬던 이씨는 식당일로 생계를 책임지던 부인 윤모씨가 다른 남자를 만나는지 괜한 의심을 하기 시작했다. 이로 인해 부부는 자주 다퉜고 이씨는 윤씨에게 폭력을 휘둘렀다.지난 2005년 9월, 부부싸움을 벌이자 처가 쪽 식구들이 집에 찾아왔다. 장모와 처남 등은 이씨를 비난하며 윤씨를 데려갔다. 부부싸움이 격해져 윤씨에게 무슨 일이 발생할지도 모른다고 우려해서다.이씨는 이에 앙심을 품었다. 이씨는 인천지검에 ""처가 식구들이 집에 무단으로 침입해 나를 폭행하고 부인을 납치했다""고 고소했다. 그러나 사건을 수사한 검찰은 이씨의 주장을 허위라고 판단, 이씨를 무고 혐의로 재판에 넘겼다. 1심에서 이씨는 실형을 선고받았다.이씨는 항소심에서 반성의 태도를 보여 벌금형으로 감형됐다. 하지만 이씨는 2007년 처가식구들을 ""법정에서 자신을 폭행하지 않았다고 거짓증언했다""며 다시 인천지검에 고소했다. 그러자 검찰은 이씨를 또 무고 혐의로 기소, 이씨는 징역 8월을 선고받았다.이씨는 법원과 검찰의 이같은 판단을 납득할 수 없었다. 법원 및 검찰에 재심을 청구하는 등 다양한 방법으로 불복신청을 했다. 그러나 단 한 가지도 받아들여지지 않았다. 이에 이씨는 지난달 3일 서울 서초동 대법원에 있는 표지석을 쇠망치로 수차례 내리쳐 손상시켰다.서울중앙지법 형사7단독 이석재 판사는 14일 공용물건손상 혐의로 구속 기소된 이씨에게 징역 1년을 선고했다.이 판사는 ""이씨는 자신의 주장이 받아들여지지 않는다는 이유로 대법원 표지석을 쇠망치로 깨뜨렸다""며 ""계획적으로 이 같은 범행을 저질렀고 피해를 회복하려는 노력이 없는 점 등을 고려했다""고 설명했다.그러나 법원의 이 같은 판결에 대해 다수의 변호사들은 ""괘씸죄가 적용됐다""고 지적했다.한 변호사는 ""사람을 때린 것도 아니고 단순한 재물 손괴에 실형을 선고한 것은 쉽게 이해가 되지 않는다""며 ""이씨가 집착에 가까운 수준으로 법원을 괴롭혔겠지만 법원의 실형 선고는 심했다는 생각이 든다""고 밝혔다.또 다른 변호사는 ""법관의 입장에서는 법원의 위신이 떨어지는 상황에서 이씨의 범행이 용납되지 않았을 것""이라면서도 ""65세의 고령인 이씨를 구속한 것부터 지나쳤다고 생각한다""고 말했다.그는 ""권력형 비리를 저지른 많은 사람들이 집행유예로 풀려나는 것을 본 국민들은 법원의 이 같은 판단을 이해하기 쉽지 않을 것""이라며 ""국민들은 법원이 유치한 판결을 내렸다고 생각할 수도 있다""고 덧붙였다.한편 이 판사는 실형 선고에 대해 ""이씨가 개선의 여지를 보이지 않았고 법원에 대한 피해의식이 있어 추가 범행의 우려가 있었다""고 설명했다.[핫이슈]숨은 진주를 찾아라 ""생활속 주식""[내손안의 스마트한 경제정보, 머니투데이 뉴스가판대][관련 키워드]부부싸움|무고[머니투데이 핫뉴스]☞""아파트값 또 떨어졌다"" 제일 심각한 동네는☞기업 ""연봉 2000 줄게""…학생 ""1200만이라도""☞""영원히…"" 클린턴이 반한 한국의 女서기관☞車에서 자던 남자 보고, 행인 ""깜짝""…왜?☞""아파트 3억 떨어져도 안사"" 더 불안한건…이태성기자 lts320@<저작권자 ⓒ '돈이 보이는 리얼타임 뉴스' 머니투데이, 무단전재 및 재배포 금지>"
59,2012-06-17,법원도 인정한 '사체인육' 재수사 가능할까,https://news.naver.com/main/read.nhn?mode=LSD&mid=shm&sid1=102&oid=008&aid=0002859170,머니투데이,"[머니투데이 이창명 양정민 기자][[출동!사건팀]오원춘 살인사건의 재구성…사체인육 재수사는 '일단 희박']15일 법원이 수원살해 사건 오원춘(41)에 대해 사형을 선고한 가운데 시민단체들이 수원지법 앞에 '사체인육'을 의심하는 내용이 적힌 플래카드를 걸어놨다.' 수원납치 살인사건'을 저지른 오원춘(41)에 대한 선고가 있던 지난 15일 수원지법 앞에는 '못믿겠다 수사결과, 인육도살 재수사하라'는 플래카드가 걸려 있었다. 단순 사체유기라고 하기엔 너무 의심되는 정황이 많았지만 수사기관이 이에 대한 혐의점을 찾아내지 못한 부분에 대한 시민단체들의 비판이었다.사체인육설은 유가족이 처음 제기했다. 곽모씨(27)의 유가족들은 지난달 한 방송에 출연해 ""오원춘이 인육공급책일 수도 있다""며 ""특히 14개의 비닐봉지에 균등하게 담고 일용직 노동자임에도 휴대전화를 4대나 소지하고 중국 왕래가 잦았다""고 주장했다. 그러나 이때까지만 해도 말 그대로 '설'에 그쳤다.오전 10시 선고공판. 오원춘이 법정에 들어서자 유족이 갑자기 흥분해 일어서자 보안요원들이 곧바로 제지한 것을 제외하면 재판은 비교적 차분한 분위기에서 이뤄졌다. 하지만 수원지법 형사합의11부(부장판사 이동훈)가 재판을 진행하면서 '사체인육'이란 용어를 사용하자 법정에 있는 기자들의 펜끝이 바쁘게 움직이기 시작했다. 법원이 '사체인육' 가능성을 인정했기 때문이다.◇법원 사체인육 인정에 '많은 시간 할애'이날 재판부는 단순 성폭행이나 살해가 아니라 또다른 목적을 가진 범행일 가능성이 높다고 보고 이렇게 판단할 수밖에 없었던 이유를 설명하는데 많은 시간을 할애했다.구체적 목적은 알 수 없다는 재판부는 ""상상할 수 있는 범위 내의 가장 경미한 '용도'를 가정하더라도 그 '용도'에 사체 인육을 제공하기 위한 동기에서 시작된 살인 및 사체손괴의 범행""이라고 판단했다.조사 과정에서 오원춘은 여행용 가방에 사체를 넣기 위해 훼손했다고 진술했다. 그러나 법원은 사체 유기를 위한 목적이라고 보기 어렵다며 오원춘의 주장을 받아들이지 않았다.우선 다른 사체유기 사건과 달리 이번 범행은 사체처리 시간이 2배 가까이 걸렸다. 판결문에 따르면 유사 사건의 경우 피의자가 사체를 처리하는데 걸리는 시간은 평균 3시간. 하지만 이번 오원춘 사건의 경우 6시간이나 걸렸다.6시간이 걸린 이유는 유사 사건과 달리 이번 사건에서 오원춘은 부엌칼만을 이용했고 칼날이 무뎌지면 갈아서 다시 사용하는 수법을 사용했기 때문이다. 이 수법으로 오원춘은 사체를 고르고 일정하게 356조각으로 절단했다. 특히 그는 표피와 피하지방 부분을 베어내고 그 밑의 근육층은 별도로 베어냈다.사체 유기사건의 경우 범행에 훨씬 큰 흉기를 사용하고 사체처리를 서두르려 한 반면 이번 사건은 그렇지 않았다. 그는 범행 이후에도 태연하고 침착하게 행동했다. 더구나 오원춘의 집안에는 공사현장에서 사용하는 흉기들이 다수 발견됐으나 사체 를 훼손할 땐 전혀 사용하지 않았다.법원이 의심한 정황은 또 있다. 오원춘은 경찰 조사에서 ""지난 4월2일 평소 휴대전화 알람을 오전 5시15에 맞춰놓고 다시 성폭행을 하려고 했다""고 진술했다. 하지만 알람시간부터 검거시각인 오전 11시50분까지 모든 범행 과정이 일어날 수 없다는 점을 검찰이 추궁하자 오원춘은 살해시각을 오전 2시부터 3시까지라고 진술을 번복했다. 납치하고 곧바로 살해한 사실을 숨기고 살해보다 성폭행이 목적이었다는 점을 강조하려 한 셈이다.이밖에 오원춘은 한달에 서너차례 성매매 업소를 찾고 스마트폰으로 음란물을 지속적으로 보는 등 성행위에 유독 집착했던 것으로 알려졌다.재판부는 이에 대해서도 ""성행위에 집착이 심한 오원춘이 자신의 집으로 20대 여성을 납치했다면 수일에 걸쳐 성폭행을 저지르는 것이 자연스럽다""며 ""하지만 2차례 성폭행을 시도하다 중단하고 살해한 점, 건장한 남성이 왜소한 여성의 반항을 억압한 상태에서 반항한다는 이유로 성폭행을 중단한 점도 수긍하기 어렵다""고 판단했다. 성폭행 목적이 아니었다고 판단한 것이다.또 오원춘이 최근 사용하고 있던 휴대전화의 지난 12월말부터 올해 2월말까지 2개월간의 통화내역이 삭제됐고, 검찰 조사에서 특별한 이유 없이 삭제했다고 진술한 대목도 법원의 의심을 샀다.◇사체인육 재수사 가능성은 '일단 희박'조동환 외국인범죄척결연대 대표(62)는 ""사체를 장시간에 걸쳐 침착하게 훼손한 점을 보면 초범이 아니라는 의혹을 제기할 수 있다""며 ""오원춘이 사용한 휴대전화 4대 통화내역과 행적 등을 찾아 전면 재수사해야 한다""고 주장했다.선고 이후 담당 수사기관인 수원 중부경찰서와 수원지검 관계자는 연락이 되지 않거나 사체인육 부분에 대해서는 말을 아꼈다.그렇다면 법원이 '사체인육' 가능성을 인정한 만큼 재수사도 가능할까. 대부분 가능성이 적다고 보고 있다.경찰 관계자는 ""새로운 증거나 추가 혐의가 나오면 당연히 재수사가 가능하지만 이미 살인 혐의에 대한 처벌이 이뤄진 이상 쉽지 않아 보인다""며 ""공범이 나타나지 않는 이상 재수사 가능성은 희박하다""고 말했다.또 ""사체인육과 같은 과거 유사사례가 없어 추가 혐의 적용이 어려워 보인다""며 ""이미 처벌 받은 살인과 사체손괴 이외 어떠한 혐의를 적용할 수 있을지도 정확히 알 수 없다""고 덧붙였다.[양정민 기자 트위터 계정@101_mt][핫이슈]숨은 진주를 찾아라 ""생활속 주식""[내손안의 스마트한 경제정보, 머니투데이 뉴스가판대][머니투데이 핫뉴스]☞""아파트값 또 떨어졌다"" 제일 심각한 동네는☞기업 ""연봉 2000 줄게""…학생 ""1200만이라도""☞""영원히…"" 클린턴이 반한 한국의 女서기관☞車에서 자던 남자 보고, 행인 ""깜짝""…왜?☞""아파트 3억 떨어져도 안사"" 더 불안한건…이창명 양정민기자<저작권자 ⓒ '돈이 보이는 리얼타임 뉴스' 머니투데이, 무단전재 및 재배포 금지>"
60,2012-06-17,[머니&트렌드] 헛개나무 열풍‥효능 논란,https://news.naver.com/main/read.nhn?mode=LSD&mid=shm&sid1=102&oid=214&aid=0000208563,MBC,"[뉴스데스크]◀ＡＮＣ▶요즘 시중에 헛개나무 열매가 품귀현상을 빚을 정도라고 합니다.숙취해소에 좋다고 알려지면서 그런데, 광고전략 때문이라는 비판도 있지만, 국내산이 모자라 중국산까지 들여오는 판입니다.김성민 기자가 취재했습니다.◀ＶＣＲ▶전라남도 장흥 헛개나무 농장.산 전체를 가득 메운 헛개나무가 막 꽃망울을 터뜨리려 하고 있습니다.2004년부터 한 발 앞서 헛개나무 재배를 시작한 이 농장은 현재 국내 헛개 수요의 30%를 공급하고 있습니다.◀I N T▶ 김대일/장흥헛개나무농장 대표""없어서 못 판다고 할 정도가 맞는 대답인 거 같아요. 대기업에서 음료라든지 건강식품을 개발하기 위해서 수없이 전화가 옵니다.""헛개 열풍은 재래시장에서도 쉽게 확인할 수 있습니다.국산만으로는 공급이 달리자 중국에서까지 수입돼 가정에서 달여 먹는 용도로 팔리고 있습니다.◀I N T▶ 조승웅/경동시장 상인""제약회사에서 그냥 몇kg씩 다 사버려요. 그래서 이곳에 나올 데가 별로 없죠. 그러니까 비싸죠.""최근에는 차 음료의 재료로까지 사용되면서 2년 전, 40억원 수준이던 헛개 음료 시장은 지난해 300억 원, 올해는 무려 1천억 원대로 추산될 정도로 초고속 성장을 하고 있습니다.◀ＩＮＴ▶ 최영수 팀장/CJ 제일제당 마케팅팀""헛개라는게 알코올 손상에 의한 간 보호 성분이 있어요. 그래서 남성들이 음주 후에 갈증 해소용으로 많이들 마시죠.""이같은 헛개열풍에 대해 의료계에서는 의약품이 아닌 만큼 치료 효과를 기대하는 것은 무리라고 말합니다.◀ＩＮＴ▶ 김호철 교수/경희대 한의과대학 본초학교실""치료제로 생각을 해서 그렇게 헛개나무를 드시면 바람직하지 않고 건강을 위해 헛개나무 음료를 마시겠다 이렇게 생각을 해야 됩니다.""숙취해소 효과보다는 업계의 마케팅 전략이 가져온 현상이라는 지적도 있습니다.◀ＩＮＴ▶ 이종혁 교수/광운대 미디어영상학부""자신들의 제품이 무엇이든 간에 건강이라는 쟁점과 자신들의 제품 속성을 연계 지으려고 하는 시도들은 앞으로도 계속될 거라고 보입니다.""다이어트에도 좋다는 광고 전략으로 여성 고객잡기에까지 나서면서 급성장하고 있는 헛개 음료시장.하지만 숙취해소 효과가 실제로 있는지, 논란이 있는 만큼 효과를 너무 믿고 과음을 해서는 안 된다고 전문가들은 말합니다.MBC뉴스 김성민입니다.(김성민 기자 smile21@mbc.co.kr)[저작권자(c) MBC (www.imnews.com) 무단복제-재배포 금지]"
61,2012-06-17,사우디 왕위계승자 나이프 사망(종합),https://news.naver.com/main/read.nhn?mode=LSD&mid=shm&sid1=104&oid=001&aid=0005650549,연합뉴스,"""스위스 병원에서 치료 도중 숨져""차기 왕세제 살만 국방장관 유력(카이로=연합뉴스) 한상용 특파원 = 사우디 아라비아의 왕위 계승자인 나이프 빈 압둘아지즈(78) 왕세제가 숨졌다고 사우디 국영 TV가 왕실의 발표를 인용해 16일(현지시간) 보도했다.사우디 왕실은 성명을 통해 나이프 왕세제가 외국의 한 병원에서 수개월간 치료를 받아 오다 숨졌다고 밝혔다.아랍권 위성방송 알 자지라는 나이프 왕세제가 스위스 제네바의 한 병원에서 사망했다고 전했다.장례식은 17일 일몰 예배 후 사우디 성지 메카의 한 모스크(이슬람사원)에서 치러질 예정이라고 왕실은 전했다.그러나 사우디 왕실은 구체적인 병명은 언급하지 않았다.압둘라 빈 압둘아지즈 알 사우드(89) 국왕의 이복동생이자 내무부 장관인 나이프 왕세제는 건강 이상으로 그동안 외국을 드나들며 검사와 치료를 받아왔다.그는 건강이 나빠져 치료에 전념하기 위해 최근 치안 업무를 그의 아들이자 또 다른 내무차관인 모하메드 빈 나이프 왕자에게 넘긴 것으로 알려졌다.나이프 왕세제는 애초 왕위 계승서열 1위인 형 술탄 빈 압둘 아지즈 알사우드 전 왕세제가 지난해 10월 사망하면서 왕세제 자리를 이어받았다.그는 미국에서 9·11 사태가 발생하고 나서 사우디 내 알카에다 소탕에 나서는 등 강력한 대테러 정책을 유지해 온 것으로 유명하다.알카에다는 2003~2006년 사우디에서 일련의 공격을 감행했으나 나이프의 강력한 대응에 밀려 남쪽 예멘으로 쫓겨났다.나이프 왕세제는 정치적으로 반(反)개혁 성향의 보수·강경노선으로 분류된다.그의 사망으로 살만 빈 압델 아지즈 국방장관이 새로운 왕세제에 오를 것으로 유력시된다고 AP통신은 전망했다.올해 76세로 알려진 살만 장관은 나이프 왕세제의 동생으로 1962년 이래 리야드 주지사를 맡아오다 지난해 11월 국방장관에 임명됐다.사우디에서 국방장관 직은 사우디가 미화 수십억 달러 규모의 무기 구매를 통해 서방 국가들과 돈독한 관계를 유지하고 있기 때문에 매우 중요한 자리다.고(故) 술탄 전 왕세제, 나이프 왕세제는 살만 왕자의 친형들로 이들은 사우디 왕국에서 막강한 파워를 지닌 '수다이리 세븐(7형제)'의 일원이다.gogo213@yna.co.kr[이 시각 많이 본 기사]☞<中 우주인 수년간 '실종'>☞기태영, 일본 팬미팅 열고 훈훈한 교류☞<의회 해산 이집트‥군부 `조용한 쿠데타' 비난>☞-유로2012- 프랑스·잉글랜드, 8강 청신호(종합)☞<아랍 판도 바꿀 이집트 대선 결선투표><연합뉴스 모바일앱 다운받기><포토 매거진><저작권자(c)연합뉴스. 무단전재-재배포금지.>"
62,2012-06-17,[단독] 해외 식별 번호로 '발신 조작' 원천차단,https://news.naver.com/main/read.nhn?mode=LSD&mid=shm&sid1=103&oid=055&aid=0000229793,SBS,"<앵커>SBS가 여러 번 보도한 보이스피싱 문제의 근본적인 원인은 무엇보다 발신번호를 조작할 수 있다는 겁니다. 정부가 이런 피해를 원천적으로 막을 특단의 대책을 내놨습니다.김수형 기자가 단독 보도합니다.<기자>주부 이 모 씨는 최근 은행 계좌가 불법 대출 사건에 연루됐다는 전화를 받고 개인정보를 알려줬다가 1300만 원을 고스란히 인출당했습니다.검찰청과 똑같은 발신번호였고, 걸어 보니 진짜 검찰청이어서 의심할 생각조차 못했던 겁니다.[이 모 씨/보이스 피싱 피해자 : 전화번호도 검찰 전화번호로 무슨 과에 누구라고 얘기를 했는데, 그 과가 진짜로 있더라고요.]인터넷전화에 간단한 위조 프로그램만 설치하면 검찰청 같은 공공기관의 전화번호로 손쉽게 바꿀 수 있다는 점을 보이스피싱 사기단이 이용한 겁니다.정부가 결국 인터넷전화의 발신번호 조작을 근원부터 뿌리 뽑기로 했습니다.검찰, 경찰, 우체국 등 우리나라의 모든 공공기관의 전화번호를 데이터베이스로 만들어 해외에서 이와 같은 번호로 전화가 걸려오면 발신 조작으로 간주해 자동 차단하겠다는 겁니다.또 해외에서 걸려오는 모든 전화번호에는 맨 앞자리에 '00'으로 시작하는 식별 번호를 붙여 일반인들이 손쉽게 구별할 수 있도록 할 계획입니다.이렇게 되면 가족이나 아는 사람의 휴대전화 번호인 것처럼 발신번호를 위조했더라도 010 앞에 '00'으로 시작하는 식별 번호가 있어 보이스피싱임을 알 수 있게 됩니다.또 국내에서는 인터넷전화의 번호 변경을 원천적으로 금지해 범죄에 악용될 여지를 없앨 계획입니다.[이재범/방송통신위원회 통신자원정책과장 : 발신번호의 조작을 원천적으로 금지하기 위한 전례없는 조치이고, 발신번호 조작을 뿌리 뽑기 위해서 앞으로 주기적으로 점검하도록 하겠습니다.]방송통신위원회는 통신사들에게 이 같은 내용의 가이드 라인을 부여해 오는 7월부터 단계적으로 시행해나갈 방침입니다.(영상취재 : 김흥기, 영상편집 : 박선수)김수형 기자sean@sbs.co.kr관/련/정/보◆ '정부기관 가짜 홈페이지' 보이스피싱 주의◆ 인천경찰, 父子 가담한 '보이스피싱' 조직 검거◆ '아이 납치했다' 유괴범 사칭 보이스피싱 기승◆ 속초경찰, 신속한 조치로 보이스피싱 피해 막아☞[SBS기자들의 생생한 취재현장 뒷이야기 '취재파일']☞ SBS뉴스 공식 SNS [SBS8News 트위터] [페이스북] [미투데이] [요즘]저작권자 SBS&SBS콘텐츠허브 무단복제-재배포 금지"
63,2012-06-17,인천 공사장서 건물붕괴 2명 사망·1명 부상 (종합),https://news.naver.com/main/read.nhn?mode=LSD&mid=shm&sid1=102&oid=079&aid=0002367405,노컷뉴스,"[CBS노컷뉴스 라영철 기자]16일 오후 3시 35분쯤 인천의 한 건축공사장에서 건물이 무너져 작업 인부 2명이 숨지고 1명이 다쳤다.이 사고로 4층짜리 건물 위에서 콘크리트 타설 작업을 하던 중국인 A(53)씨와 B(51)씨가 무너진 건물더미에 깔려 숨지고, 신원이 확인되지 않은 C씨가 다쳐 병원으로 옮겨져 치료를 받고 있다.경찰에 따르면 이날 사고는 모 화학공장 신축건물 4층 옥탑동에서 펌프카를 이용해 콘크리트 타설 작업을 하던 중 건물이 무너져 내리면서 일어났다.건물 위에서 작업 중인 A씨는 1층 바닥으로 떨어지고 B씨는 무너진 건물 잔해에 깔려 숨진 것으로 전해졌다.경찰은 공사관계자와 목격자 등을 상대로 사고 경위를 조사하고 있다.eli7007@cbs.co.kr[네티즌 많이 본 기사]●유기홍 ""전두환, 노역형 처하면 추징금 납부할 것""●연비 좋은 소형SUV가 몰려온다●맨홀 뚜껑 밟고 감전?…당신도 예외일 순 없다●이석기 ""애국가는 국가 아니다"" 발언 파문●이채영, 외국인 여성 몸매 비하 발언…비난 여론 확산(대한민국 중심언론 CBS  뉴스FM98.1 / 음악FM93.9 / TV CH 412)<저작권자 ⓒ CBS 노컷뉴스(www.nocutnews.co.kr) 무단전재 및 재배포 금지>스마트 뉴스앱의 최강자! 노컷뉴스 APP 다운로드 받기↓"
64,2012-06-17,"치명적인 이상고온…""만성질환자 사망률 높아""",https://news.naver.com/main/read.nhn?mode=LSD&mid=shm&sid1=103&oid=055&aid=0000229790,SBS,"<앵커>예년보다 3,4도 높은 이상고온이 한 달째 계속되고 있는데, 이렇게 더위가 심한 해에는 만성 질환자들의 사망률이 더 높아진다는 연구결과가 나왔습니다.조동찬 의학전문기자의 보도입니다.<기자>찌는 듯한 무더위는 종종 만성 질환자들의 목숨을 위협합니다.올해 쉰 여섯 살인 이 환자도 두 주전 심근경색 발작을 일으켰는데 섭씨 30도에 육박하는 더운 날이었습니다.[장경익/56세, 심혈관 질환자 : 한 15분쯤 올라가니까 가슴이 답답한 느낌이 오더라고요. 그래서 이상하다 하고 참고 올라갔는데 계속 가슴이….]그렇다면 더위는 우리 인체에 어떤 영향을 미칠까.20대의 건강한 두 남녀를 섭씨 30도 무더위에 세 시간 동안 있게 한 뒤 신체에 어떤 변화가 생기는지 측정해 봤습니다.심혈관이 얼마나 부담을 받고 있는지를 알려주는 혈액 속 BNP 단백질이 6% 증가했습니다.몸속의 염증 반응 정도를 나타내는 CRP 단백질도 6% 높아졌습니다.미국 하버드 의대가 100명을 대상으로 한 실험결과와 같습니다.[박재형/고대안암병원 심장내과 교수 : BNP(심장부담지수)와 CRP(염증반응지수)가 증가했다는 것은 그만큼 심혈관의  부하가 증가하고 심부전으로 인한 증상이나 입원이 증가할 가능성이 높다는 것을  알려줍니다.]기온이 평균보다 10도가량 높아지면 소금 1400g을 한꺼번에 섭취한 것처럼 심혈관에 부담을 줍니다.특히, 더위가 불규칙적으로 반복될 때가 만성 환자들에겐 더 해롭습니다.미국 하버드대학이 370만 명을 대상으로 20년간 추적 관찰했는데, 여름철 평균 기온보다 더 더운 날이 많을수록 만성 질환자의 사망률이 높아졌습니다.여름 기온이 평균치보다 1도 높을 때마다 심근경색과 당뇨병의 사망 위험도는 10% 가까이 높아졌습니다.우리 오감이 기억하는 범위보다 더 더울 경우, 만성 질환자들의 건강에 치명적으로 작용한다는 얘기입니다.더위에 노출되면 체온이 1도 정도 높아지는데, 얼굴과 손·발처럼 몸의 말단 부위가 두드러집니다.따라서 머리에 두건을 쓰거나 손·발을 시원하게 하면 체온이 급하게 오르는 것을 어느 정도 막을 수 있습니다.실내외 온도 차이를 크게 하지 않으면서 수분과 염분을 적절히 섭취하는 것도 만성 질환자가 무더위에 건강을 지키는 방법입니다.(영상취재 : 최남일, 영상편집 : 박진훈)조동찬 기자dongcharn@sbs.co.kr관/련/정/보◆ 만성질환자의 콜레스테롤 관리법은?◆ 만성통증 환자 220만 명…방치하면 뇌에 손상◆ [건강] 만성폐쇄성폐질환 조기치료가 중요☞[SBS기자들의 생생한 취재현장 뒷이야기 '취재파일']☞ SBS뉴스 공식 SNS [SBS8News 트위터] [페이스북] [미투데이] [요즘]저작권자 SBS&SBS콘텐츠허브 무단복제-재배포 금지"
